
 54

(Amphimedon: 0.218551, Suberites_: 0.176548, (Trichoplax: 0.315277, (((Acropora_m: 0.145798, (Anemonia_v: 0.091684, Nematostel: 0.072310): 0.068780): 0.061274, (Hydra_magn: 0.136901, Hydractini: 0.111719): 0.190291): 0.034558, (((Branchiost: 0.190309, ((Ciona_inte: 0.179846, Molgula_te: 0.190600): 0.203889, (((Danio_reri: 0.070853, ((Gallus_gal: 0.043065, ((Homo_sapie: 0.011910, Mus_muscul: 0.015485): 0.015046, Ornithorhy: 0.048321): 0.019042): 0.024039, Xenopus_tr: 0.046312): 0.019654): 0.012485, Leucoraja_: 0.078415): 0.043092, (Eptatretus: 0.170552, Petromyzon: 0.088999): 0.037487): 0.081033): 0.022320): 0.016857, (((Patiria_pe: 0.156847, (Holothuria: 0.182603, Strongyloc: 0.150542): 0.023767): 0.077647, (Ptychodera: 0.076325, Saccogloss: 0.092086): 0.084598): 0.030237, (Symsagitti: 0.646709, Xenoturbel: 0.241180): 0.041445): 0.014796): 0.016877, ((((((Alvinella_: 0.152933, (Capitella_: 0.173243, Pomatocero: 0.199163): 0.021461): 0.012935, (Helobdella: 0.162101, Tubifex_tu: 0.121755): 0.066842): 0.040456, (((Aplysia_ca: 0.180361, Lottia_gig: 0.233737): 0.042099, (Crassostre: 0.175050, Mytilus_ga: 0.161177): 0.055699): 0.016605, Euprymna_s: 0.215793): 0.031523): 0.021800, (Brachionus: 0.299888, Philodina_: 0.339166): 0.122511): 0.005706, (Flaccisagi: 0.103242, Spadella_c: 0.094168): 0.275222): 0.010986, (Priapulus_: 0.240959, (Caenorhabd: 0.550604, (Euperipato: 0.189081, ((((Daphnia_pu: 0.198107, ((Gryllus_bi: 0.115633, (Rhodnius_p: 0.166345, Tribolium_: 0.132530): 0.017664): 0.044929, Onychiurus: 0.252126): 0.019748): 0.020654, Litopenaeu: 0.249870): 0.035100, Scutigera_: 0.134734): 0.010746, (Anoplodact: 0.190491, (Acanthoscu: 0.141407, Ixodes_sca: 0.166213): 0.042338): 0.035916): 0.023703): 0.018562): 0.014704): 0.017463): 0.039658): 0.085941): 0.033664): 0.103178);

  0.218551  0.176548  0.103178  0.315277  0.033664  0.034558  0.061274  0.145798  0.068780  0.091684  0.072310  0.190291  0.136901  0.111719  0.085941  0.016877  0.016857  0.190309  0.022320  0.203889  0.179846  0.190600  0.081033  0.043092  0.012485  0.070853  0.019654  0.024039  0.043065  0.019042  0.015046  0.011910  0.015485  0.048321  0.046312  0.078415  0.037487  0.170552  0.088999  0.014796  0.030237  0.077647  0.156847  0.023767  0.182603  0.150542  0.084598  0.076325  0.092086  0.041445  0.646709  0.241180  0.039658  0.010986  0.005706  0.021800  0.040456  0.012935  0.152933  0.021461  0.173243  0.199163  0.066842  0.162101  0.121755  0.031523  0.016605  0.042099  0.180361  0.233737  0.055699  0.175050  0.161177  0.215793  0.122511  0.299888  0.339166  0.275222  0.103242  0.094168  0.017463  0.240959  0.014704  0.550604  0.018562  0.189081  0.023703  0.010746  0.035100  0.020654  0.198107  0.019748  0.044929  0.115633  0.017664  0.166345  0.132530  0.252126  0.249870  0.134734  0.035916  0.190491  0.042338  0.141407  0.166213

  0.000000  0.000000  0.000000  0.000000  0.000000  0.000000  0.000000  0.008128  0.005718  0.008398  0.000000  0.000000  0.014720  0.000000 -0.005762  0.009445  0.010876  0.005257  0.000000  0.000000  0.008017  0.016622  0.009019  0.007673  0.007330  0.000000  0.034109  0.017905  0.000000  0.018992  0.015053  0.015243  0.035109 -0.009578  0.000000  0.000000  0.000000 -0.005843  0.013496 -0.005449  0.000000  0.008777  0.000000  0.000000  0.000000  0.014545  0.000000  0.000000  0.005063 -0.010619  0.000000  0.000000  0.005039  0.009788  0.000000  0.019653  0.010769  0.000000  0.014136 -0.007978  0.011659  0.007281  0.000000  0.009141  0.015697  0.010580  0.012883  0.000000  0.006534  0.011087  0.014611  0.000000  0.011154  0.005745  0.000000  0.000000  0.000000  0.000000  0.000000  0.017023 -0.007294  0.005863 -0.014198  0.000000  0.000000  0.000000  0.000000  0.011230  0.007873  0.011976  0.013360  0.014556  0.011559  0.000000 -0.008723  0.015596  0.000000  0.000000  0.009081  0.000000  0.000000  0.000000  0.000000  0.000000  0.019341


Hessian

 -2.755e+04      -2204      -9303     -503.5      -4095      -1283      -1240       -531      -1147      448.5      -1141     -469.1     -67.68     -40.31      -1087      168.6       1813        388       -267      201.2      350.8     -269.9     -252.6     -39.18      287.8       1413        919       3836       2538       1469      862.4       2607       3990       1336       1944       1150      750.1       -564      454.1      -1100     -105.5      479.9       -253     -911.3     -388.4     -642.8     -129.8     -89.81        238     -326.3     -98.91     -205.1       1565     -438.3     -674.1       1902       1301      952.2      244.7      919.2       1073      415.2      995.7      806.9      327.2      623.1      993.8      200.3       1369      490.7       2057       1791       1613      626.7      2.963      248.3     -220.8      164.4      333.1      482.9      557.5        132       1215      110.8        749      246.6       1954      640.6      106.5      39.98      407.9      -1278      419.1      520.7      -1194      503.6     -2.661      565.9      93.55      348.1      628.8      256.1     -45.02       1013      531.7
      -2204 -2.458e+04      -2911     -636.5      -2166      -1175      -2118     -308.2      -2247      -1074      -1500      -1004     -548.2     -309.1      341.9       3040       1481      154.7      198.8     -109.4      143.2      218.7      635.4     -551.7      886.7     -556.8     -57.75       1264      697.8      128.9       1004       3601       3087     -166.5      111.5     -251.1     -7.745      379.5        530      301.3     -69.57     -426.6       -374      208.7     -423.5      95.74     -953.7       67.1     -955.2       99.5      302.4     -128.5       2029       1987      599.1      232.9       1396      134.2      359.9     -748.5      92.35      24.23       1099      505.1     -115.3     -789.8       1691      542.2      435.6      983.4       1831       1373      708.1      150.6      180.9      720.8     -262.9      418.6     -77.75      854.4       1507     -454.8      362.8      356.4       1110      281.1       1054       2500       1195       1190      814.7        114      73.16      410.5       1391      178.3      721.5     -138.9      725.4        335       1000      454.5       1086       1178      966.5
      -9303      -2911 -4.102e+04     -407.7 -1.286e+04      -1996      -2060      158.7       -930      334.2     -410.7      -1658      5.535      427.4      -1825      489.3       -695      478.2      -1151     -352.3     -113.8     -116.4      -1516     -721.5      207.7       2090       1944       2609       2393       1010      906.4       3866       6150       2214       1794      730.1     -89.12        638       1397      -2991      -1347     -237.2     -29.29      -1497       -941     -402.8     -683.2      454.6       1529     -552.7     -269.8       -530       1380      231.3     -262.4     -596.8        285      82.23      971.2      483.8      939.1     -64.06      593.8        159       1345      477.4       1177      796.2      784.8       1025       1108      867.5       1958      501.3     -493.1       13.4      -50.2      534.2      785.4       1018        736      121.5      654.3        164      582.3     -889.9      447.9       1408      324.7      450.3       1090      400.3       1276       1234     -192.3      492.7      764.6      839.7     -49.35      48.83       1623      439.7       1101       1066        250
     -503.5     -636.5     -407.7 -2.078e+04      -6602     -986.6      -1781     -160.7      -1050     -163.2     -785.6     -318.8       -105     -261.5     -280.5      -1078      245.2      296.2     -221.8       -169      155.2      466.6     -282.2     -760.5     -852.5      845.8     -901.3      -1066       1004       2917       2354       2675       3359      848.3       1062       -410     -764.5      448.9       1024     -653.6       -233        399      92.16     -372.9     -375.9     -238.4      135.9     -278.6      219.4      96.52     -46.16     -5.721       1139       1908       1902       1444      378.6       1345      441.3     -622.2      948.4      154.8        832     -309.8     -420.8     -148.7      599.7       1589      480.5      908.1      906.9      980.7       1423      689.2      24.63       10.3      129.4      337.6      156.3     -79.69      990.4      78.61      -1115     -68.07     -485.5      761.6     -583.5      291.6      105.8      129.8       1058      101.6      82.48      332.5      94.24      460.2      200.8      356.5      52.99      170.7       1024      447.3      626.9        777        891
      -4095      -2166 -1.286e+04      -6602 -1.071e+05      -3972      -1067      229.4      -1490       -890     -308.6      -1056       -414     -199.6      -4760     -671.5      -2091       1147      -3704     -439.2      770.3       1043      -2091      -4089      898.4       4038       1697     -32.81       1370       2547       2746       4957       7698      701.3       5520       3152      -1876        758       1404      -4915      -2047      6.143      301.5       1486      64.61     -132.8      -1477       1471       1478     -522.2      229.4     -405.5       2564      222.1      -1171      -3348       1743       2633       1005      541.2       1298      871.9       1214      744.6       1711      692.4      842.7       1207       -499      112.7     -400.4      699.5      999.2      402.3      313.1     -227.7      150.9      437.1      247.4       1012      -2356      49.56      -1384      222.8      -1731     -38.07      215.5       2234     -606.1      -1420     -930.3       1026     -813.6       2068      -1757       1082        972      444.6     -186.2        483     -426.5     -562.7      531.3       -809       1549
      -1283      -1175      -1996     -986.6      -3972 -1.316e+05 -2.008e+04      -1277      -5380      -2207      -5834      -2995     -837.3     -531.5 -1.317e+04      -1809      -5981      -1972      -5762      -1684     -614.1      67.53      285.2       2774        361      151.7      -4505       6007       2887      135.5      -1945     -783.7       1245     -351.4       3998      725.7     -94.49       1263     -552.2      -3506      -1298      -5178      304.2     -552.4     -258.4      -1256     -565.1     -260.1      181.5      257.2      655.5     -67.52      587.7      -6285     -281.3      -3946      -2695     -315.2      -1024      362.4      285.5     -462.2      623.7       1955      -1148      -1550      -2517        191      190.4      532.1      324.6       1138      757.6       1496     -873.8     -52.94      521.5     -272.7        127      502.9      -2550      33.02     -503.5      793.5      419.6       1812      213.3     -245.5     -369.8       2775      319.9       4127       2142     -125.4       4534     -424.7       2032      649.9       1107      148.2       2304      616.4     -529.8      386.5       1147
      -1240      -2118      -2060      -1781      -1067 -2.008e+04 -8.974e+04      -3462      -9229      -1634      -4736      -1628     -193.9     -589.2      -4105      -2703      -1457      -2196      -4932      919.8     -67.17       1134      -1659      -1279       1278       2709      784.9       2875      -2084       3074     -27.99       2697      533.9       1977      -1988      756.2      -1184      549.7      576.4      -4603      -3902     -750.9     -903.2      -2741      43.33     -340.9     -577.1      -2008      113.7     -680.9      161.7     -15.97       2221      -1669      -1188      -3648      -3838      -1170        331     -563.7        982      247.2      887.7      50.26     -140.7     -645.9     -29.85      720.8       1236        240      104.6       1157       2279        415      450.3      445.5      317.1      354.2      210.1      906.8      -1975      397.7     -429.7      467.1      370.5     -501.9       2011      -3312      1.283       1147      110.1      362.8      31.92     -798.1       1879      247.9        639      985.6     -136.6       1215     -133.5      566.3     -9.194       1285       2078
       -531     -308.2      158.7     -160.7      229.4      -1277      -3462 -4.936e+04      -6475      -2565      -5133     -680.1     -225.8     -367.1     -512.1     -947.8       1050      44.88      539.4       1225     -268.1      346.5      191.3       1755      -93.6      527.6      -2214      344.2     -440.2      877.6      -2202      -4198       1184      -1560      419.2     -360.3     -197.5      277.9     0.6962     -556.5      653.1     -8.112      340.5      -1014      360.2      259.1     -341.8      -1621     -370.2     -833.7      25.71     -200.5     -451.8       1238     -286.6      -1290      905.5      352.7      223.6     -320.3     -868.9      300.1     -344.6      698.7     -564.8      490.8      924.9      -1591      521.4     -65.21       1452      608.5       1467     -515.4      856.1      830.5      189.9     -117.7     -9.679      669.2     -494.8      80.51      -1085      242.6     -191.5      65.41      761.3      286.1      17.43       2067      185.4       1182       1348      992.8       2320     -384.5       1595       1153     -156.7     -137.7      -1234     -389.2     -702.2       1036      279.7
      -1147      -2247       -930      -1050      -1490      -5380      -9229      -6475 -9.122e+04      -1728 -1.265e+04      -2396     -764.4      -2234      -1503      -1842     -234.4      -1453       1391     -283.9      358.6      615.8      932.4       1148       1021       2236      -2906      564.1       3000      918.5      -1165       3328       1595      -1446      715.5     -193.3      -2259      94.97      928.4      -2133      -1110     -208.5     -999.3     -608.2     -741.5     -190.6      215.9      374.4      -1959     -319.5      297.7     -666.1       1342       1168       -989      -3257      341.9      104.1       1076      371.1     -116.4     -44.09     -969.9       1755        607      -1524      436.5     -506.2      643.9       1558     -368.4      773.7      592.3      -1439      271.1      109.1       1098     -74.79      396.5      298.2      91.08      -70.2      -2558      502.7      -3472       1123      -1185      -2595     -235.2      309.8      417.3       2623       1193       1167      78.93      997.7      858.8       1704      703.9     -294.4       -250     -298.3       2411       1494       1634
      448.5      -1074      334.2     -163.2       -890      -2207      -1634      -2565      -1728 -7.453e+04 -1.499e+04      -1092      -1615     -845.3     -703.5      -2412      -3943     -587.1      835.4      776.5      458.5      684.3      782.6      -1165      -1522      -2234      -2463      -3851      -2528      -1013      -3120      -1268      -4767      618.5      -3120      -1109      492.9     -414.3      -1591      -1704     -137.7     -96.69        218      -1815      608.4     -522.9      -1143      -2436      -3154     -710.4      570.9     -473.4       1025      978.7       1565       1783     -607.6      308.2      314.9      80.52      25.67     -395.1     -452.5     -836.1     -598.8       1089       3107       1705      -1056      73.87      27.02     -83.87      847.3        231     -99.93      457.1      102.6      487.4       12.8      160.2       -450      8.863       3169      594.1       1744      822.9      261.2       2344       2142      678.5      620.3       2177       3350      86.04      -3227      173.3       48.8      279.2      82.17      883.1       1219      74.88      880.2     -81.17     -442.4
      -1141      -1500     -410.7     -785.6     -308.6      -5834      -4736      -5133 -1.265e+04 -1.499e+04 -1.035e+05      -1052      -2885     -664.5      -1418     -658.7      -2141      -1780       1618      616.7      251.6      704.8       1366       2336      -3034       -106     -562.2       1080     -249.1     -219.9      -2334     -122.7      -5279      -2526      -4205      284.4      -1324       1017      69.99      -2462      -1037     -446.9      -1931     -759.9     -319.5       -654       1589      -1498     -217.8     -1.252      530.2       -785       1126      838.2      429.3        876     -143.4      -2707      50.15      -3129     -548.1      -1005      128.5      997.6      461.1      320.5     -196.2       2075      249.4      355.1       2511      295.9      132.1       1258       1715       1092      667.3     -162.6        249     -256.1       1719       -499       3468      533.3       4197      59.08       2105      546.4       1211      375.5      606.3     -833.4       2050      -2055     -598.1     -295.8       1164      447.9       1989        466       2184     -634.5       1126      613.4        473
     -469.1      -1004      -1658     -318.8      -1056      -2995      -1628     -680.1      -2396      -1092      -1052  -3.06e+04      -7406      -1620     -624.8      681.5       2225      435.8      48.72       -293      348.4     -162.6     -1.357      537.5       1439       1382        313       1047      858.2      64.07      739.3       1445     -498.5      960.1      1.123      397.9       -127      540.2      786.2      -2915      68.06      -1426      207.3      21.98     -205.6      247.7      349.1      857.4      898.2      218.6      112.2      110.2     -565.4        697      -3096      -1794      532.8      619.7      555.9      799.4     -125.4     -157.9     -730.1      595.3      406.9      -1431      687.8      309.2      372.6      203.6       1051      702.6      531.1      345.9      258.3      317.5     -207.4     -20.02      258.1     -43.36      95.64      72.15      646.2      117.2       1291        781       2148      105.1     -488.8      -1701       1312      -1291      359.8      953.2      728.4      163.2      644.6      661.9      756.3      569.5      703.8     -173.5      990.1      289.9       1308
     -67.68     -548.2      5.535       -105       -414     -837.3     -193.9     -225.8     -764.4      -1615      -2885      -7406 -4.402e+04      -8270      150.9       1860       1353       1167     -53.37      510.6     -204.4     -470.8      347.8       1381       1689     -125.5      440.9      -2618     -336.4      465.8     -491.8       2428      -1295      542.4      -2484        472      369.7      16.31      73.66       1016       2190      108.6      34.79     -257.6     -710.3     -245.9       1049       86.8      964.6      872.2     -199.4     -71.88       1997     -109.5     -96.63     -296.1       1467      261.9      193.8       2383      789.9      141.8     -292.2      829.8     -111.9      -1662     -155.9      733.9       -543      445.3      25.87     -405.1       -220      193.2      106.4     -386.7     -34.77        994     -428.3      500.6       1557     -201.9       1307      40.15       2340      691.1       2556     -398.8       1218     -431.8      352.9     -158.7      577.4      693.8      637.7      369.2     -517.6      375.6       1045       1.21       1934     -66.57       1292      478.2      589.9
     -40.31     -309.1      427.4     -261.5     -199.6     -531.5     -589.2     -367.1      -2234     -845.3     -664.5      -1620      -8270 -4.476e+04     -268.7      39.13       2324      477.8       1753      142.9     -275.3     -257.5      234.3       1249      708.3     -135.9     -765.2     -423.4      -1294      658.6       1009      -2313      482.3      580.9     -254.9       -627      619.4      616.4      838.6       1700       1582      971.9      600.6      -1585     -109.4     -24.15      815.9     -999.1      523.6     -64.57      43.53     -105.5      29.73       2076       1631       1181       1131     -854.8     -153.5       1190       1074      254.3      168.7        -37      379.5      441.2      175.6     -391.7     -385.3      279.2       -204     -627.8     -822.5     -204.8      449.7      14.32     -136.2      603.3      290.1     -313.4       1788     -844.9       1697        134       1612      145.3       1452     -443.1       1956       2694        330       2167      675.6        471      874.2      630.4      394.5      297.1      941.2      332.3       1604      58.93       1017      70.34      486.9
      -1087      341.9      -1825     -280.5      -4760 -1.317e+04      -4105     -512.1      -1503     -703.5      -1418     -624.8      150.9     -268.7 -7.653e+04      -9433      -4235      -1192      -3600      -1574     -207.7     -205.9      -1344      946.4        242       3234      377.4       5426       2705       3482      -1550      -2792       3427     -254.9       3240       2259       1586      610.5        397      -2798      -5559      -2488     -559.1     -233.4      87.99       -314      -2013       -235      776.9      -1655     -600.5     -866.3      -6221       -708      396.2      -2624      -3308      -3244      585.1     -538.3     -240.1       -452      112.6      725.2      443.2      -1074      -2912     -377.5       1021     -551.1     -828.9      -1246      614.2       1027     -150.3      46.38     -56.78     -714.3     -513.8     -440.8       1289      102.4       1312      40.12      -3412       -112      -1432     -454.5      -1646      -4176      155.7       2496       2321       1448      822.2      -1141       -431      325.1      644.3     -540.3      121.5      60.48      -1616       -668     -635.5
      168.6       3040      489.3      -1078     -671.5      -1809      -2703     -947.8      -1842      -2412     -658.7      681.5       1860      39.13      -9433 -3.036e+05 -2.492e+04      -2683 -1.302e+04      -3809      -1078     -40.91      -7444      -3218      -5819      837.4      -3116     -296.9       1176      -6557      -7429      -3494      -7384      -2086       1845      -1444      -1061      -2221      -2615 -2.178e+04  -1.26e+04      -4065       1568      -1038      154.8      202.1      -2477      -1935     -506.1      -2269     -173.2     -577.6 -3.653e+04 -1.204e+04      -8313      -7430      -5087      -1778     -808.1      -1950      -1317     -849.1      -3329      855.9     -927.3      -7639      -2842      58.18        102      -1999      -2013     -796.1      231.4      -3063      775.5       -276      380.9     -894.9       1052      695.4      -6696      351.2      -2302     -431.7      -4060      -1873      -2832      -5282     -602.9      -5079      -1159       1854     -73.39       4144      982.6       1298      114.2       2494       1151     -804.6     -350.1        142       1807      -4093       3749
       1813       1481       -695      245.2      -2091      -5981      -1457       1050     -234.4      -3943      -2141       2225       1353       2324      -4235 -2.492e+04 -2.876e+05      -8074 -3.015e+04      -1989      -2207       1536 -1.357e+04      -4502       2802       1765      -9545       2622      -1103       2473       1763      -5682       3774       4664      -3381       1519      -3449      -1978      836.5  -1.72e+04 -1.165e+04      -7007      -1537      -2140      -1781      -2366      -3036      -1091      -1233       1640       1024      765.7 -1.377e+04      -3934      -9579      -6789      -8349      -1760       1625       2873       1633      612.2      -1758     -569.4     -345.5 -1.012e+04      -5123      -2069     -485.9      657.1      -2400      359.2     -321.1     -36.75     -124.3     -39.96      109.6     -372.3     -841.5      949.1      -5265       1170      -2385      626.5      -1469     -299.2     -142.6      -4299      -7168      -3555       2194     -446.6      912.8       3486       3771      799.1       1276      675.4      569.8      764.3      981.3      -1019       2631      -2420     -413.9
        388      154.7      478.2      296.2       1147      -1972      -2196      44.88      -1453     -587.1      -1780      435.8       1167      477.8      -1192      -2683      -8074 -4.096e+04     -323.1      538.9      956.8       1125      -1589      -2583       1775     -892.7      -3884     -430.3      -1102      26.72      -1727      334.5      -3313     -783.1      -2289      89.55      313.4     -18.25     -469.9      -2752      -2619      -1605     -906.9      -1335      603.7     -507.2      -2302     -997.2      -1841       -882      390.5     -514.8      -2254      -2276      -2079      -2853      -2285      987.4     -662.3     -374.8     -409.8       1017      994.8      191.6      583.4     -607.5     -765.1      -2240     -684.5         66     -353.5     -349.7        590     -187.5        205      107.9      194.2     -404.2     -132.8      112.1       -878     -416.1     -42.82      566.1     -449.1      153.3     -116.9      619.9      256.2      -1142      611.5      787.2      489.2      177.4       1809      515.6      529.3        341     -148.6      83.75     -43.82      127.5      747.5        422      396.5
       -267      198.8      -1151     -221.8      -3704      -5762      -4932      539.4       1391      835.4       1618      48.72     -53.37       1753      -3600 -1.302e+04 -3.015e+04     -323.1 -1.987e+05      -2219      668.3       1126 -2.948e+04      -4773      -4328      614.9      559.8      -4905      603.9       2379      -3681       2800       3227       3670       1641      406.7       1346      399.2     -295.5      -4369      -3667      -4304      -1631      976.2     -916.7     -969.9      -4324      204.7     -637.5     -444.8       1261      -1167      -3549      -7186 -2.441e+04 -1.249e+04      -5990       3020      -2273      107.4       1106      -1167      504.2       10.4       1212      -4917      -2159      -2590       1261       1457       2335      482.9       1261     -120.7     -474.1      245.7      49.82       -897      477.2      -1380      -6443     -17.31      -5530       1173      -7218      465.3      -2089      -8076      -1778     -956.6      193.6       1172       3215       1477     -861.4     -112.9       1476      674.3     -801.6      629.1       1606      591.9      104.2      938.4      198.5
      201.2     -109.4     -352.3       -169     -439.2      -1684      919.8       1225     -283.9      776.5      616.7       -293      510.6      142.9      -1574      -3809      -1989      538.9      -2219 -2.866e+04      -4100      -1987       2042     -164.5       2728       1750     -329.6       2775       2485     -829.8       2377      269.3       1921       1609       2741       1428       1485      218.1      128.8     -713.4      -1698     -620.4      631.2      -90.4      4.274      174.8     -768.8      914.7      251.5     -621.3     -149.2     -302.7      -3484      -2215      -1313     -367.8      -1189     -484.6     -44.52     -58.95      475.4     -437.7      295.5      828.4      750.5     -742.3     -462.3      52.85     -19.18      300.4      -1881     -578.5     -52.95        758     -693.8     -487.5      70.87      66.81     -105.7     -167.6     -54.29     -381.6      -1278      7.379     -744.9      300.2     -54.88       1046      38.81       2625      861.2      908.2      723.7       1242      970.3       1540       1010      534.7       1018      404.1     -373.8      561.2      480.1     -370.3      29.45
      350.8      143.2     -113.8      155.2      770.3     -614.1     -67.17     -268.1      358.6      458.5      251.6      348.4     -204.4     -275.3     -207.7      -1078      -2207      956.8      668.3      -4100 -3.399e+04      -4751       1362      848.3      -2211      852.2     -297.2       -114     -409.7        335      325.9      -3698     -936.9     -826.6     -144.2     -313.3      774.8      30.94      -1150     -208.9       1153      352.8     -322.4     -119.9      49.24     -465.4       -332      788.9      363.4     -79.85        144     -110.8      -1990      654.7      768.4      310.3      580.1      490.3      310.5      294.4      145.1      -99.1      79.65      -55.9      39.78     -720.6     -477.6       1072      721.8      323.6     -959.3      -1521     -541.5      530.8     -578.5     -177.8      209.8      171.2     -652.8      50.09      508.4       -321       1056     -18.76       1049      707.8       1025       1853       1429       1793      393.7       4271       2000     -68.94       2367      183.1     -789.5        601      951.1      711.6      845.6     -20.63        854     -375.4     -306.6
     -269.9      218.7     -116.4      466.6       1043      67.53       1134      346.5      615.8      684.3      704.8     -162.6     -470.8     -257.5     -205.9     -40.91       1536       1125       1126      -1987      -4751 -3.204e+04        847        706      237.4      889.3        291     -455.1       2538       1312      371.3     -955.8       1893     -522.7      374.6     -630.4      479.6     -893.2       -102       1436      434.5      776.7      510.7     -462.4     -593.3     -457.5       -610      351.5      393.2      517.6      188.4      359.3      -2298       2769       3496       1823       2205      940.8      575.2        888      369.6      -34.8       1401      818.9     -238.1       1055      621.4       1645      639.6      298.6     -219.5     -790.6       -165      253.2       -118      184.4     -205.8      605.7      29.82      76.06       2040      410.8       2406      70.28       1837      449.1      461.4     -183.9       1805       1917     -113.3       1954      902.8      437.9       1543      121.9      460.5      211.3      846.1      491.9       1247     -459.2       1318     -274.1     -253.2
     -252.6      635.4      -1516     -282.2      -2091      285.2      -1659      191.3      932.4      782.6       1366     -1.357      347.8      234.3      -1344      -7444 -1.357e+04      -1589 -2.948e+04       2042       1362        847 -8.058e+04 -1.109e+04      -3533      -2460      -5063      -3189      -4583      -2431      -4691       -202      -4513      -1308      -1675      -1414      -1583      -1116      -2017      -3652      -5272      -2425     -608.7       1294      -1047      585.6      -3047     -198.3      -1712        479      284.3     -97.31      -5259      -9215 -1.012e+04      -4461      -3219      574.7      -1377       1908       1369     -146.2     -106.5      735.6      371.7      -1452     -960.1      158.3     -104.5      237.5       1707     -784.2      834.6     -769.8     -715.8     -74.29      718.9       -689       -333     -109.8      -9421     -274.4      -5891        154      -5050     -320.7      -3889      -4768      -3892     -27.36     -70.89      -2158     -889.6       1728     -743.7     -455.8       56.5       1131     -494.6        168       -751     -136.7      269.3     -54.42       1049
     -39.18     -551.7     -721.5     -760.5      -4089       2774      -1279       1755       1148      -1165       2336      537.5       1381       1249      946.4      -3218      -4502      -2583      -4773     -164.5      848.3        706 -1.109e+04 -1.544e+05 -3.157e+04      -5119 -1.106e+04 -1.449e+04      -9210     -959.5      -4867      -7770      -4415      -3509      -8188      -4061 -1.481e+04      -4408      -7760      901.1     -765.7      177.1     -756.1      -1466     -373.7      739.1      -1507       -795      -2285      950.8       1004       1442      -4406      -1721      -4922     -336.4      -1952      998.8      95.94       1983      785.6        731       2306      222.8       1384      -3870     -223.6      -2974       -252       2011     -213.5       1193       1307     -386.1      465.1        655      964.2     -787.3     -228.6      115.3      -2115     -713.9     -510.5        642     -371.6      340.5      -4394       2624      -3521       3144     -298.8      961.2      -1367    -0.7035      915.1       1091      954.6      530.6      -1174     -443.5      125.7      80.86       15.8      233.5     -412.3
      287.8      886.7      207.7     -852.5      898.4        361       1278      -93.6       1021      -1522      -3034       1439       1689      708.3        242      -5819       2802       1775      -4328       2728      -2211      237.4      -3533 -3.157e+04 -4.748e+05 -1.205e+04 -2.751e+04 -1.131e+04 -1.387e+04 -1.634e+04 -2.454e+04     -48.02 -1.225e+04      -8073 -1.235e+04 -3.303e+04 -1.193e+04      -2519 -1.232e+04       5434       1308      -2603      -3084      -6490      -1246      458.4      203.4     -201.8      -3102       -984       1392      -2119      -5151       1694       3443      515.8      -1715       2985      -3352      -3837      -1686     -807.3      -3517     -744.6       2975       1444      738.9       3454      -2507       3368      -1475      -3176      -1734     -241.8      549.9       1073     -106.8      161.6     -10.03      167.9      161.2     -266.3       1495      800.1     -251.3      -2114      718.4       1406     -871.5      558.5      381.4     -496.6       1939     -558.7      -4742      469.6      -4397      916.5       1536      802.1       1079      -2613      838.9      71.25       1840
       1413     -556.8       2090      845.8       4038      151.7       2709      527.6       2236      -2234       -106       1382     -125.5     -135.9       3234      837.4       1765     -892.7      614.9       1750      852.2      889.3      -2460      -5119 -1.205e+04 -1.371e+05 -2.713e+04 -1.259e+04 -1.029e+04 -1.377e+04 -1.987e+04  -1.32e+04 -1.451e+04      -7461 -1.568e+04 -1.111e+04      -7784      -5064      -9598     -825.7       2177       3312     -685.4       2344     -421.8       1507     -492.4      -1058     -258.7      72.96      979.6     -713.9       1947       3182      -2721       3310       5159     -368.6     -236.4     -86.65        326     -277.7       1356        224      -1412       2936       4499       3126       1363       1782       1640      -1926     -298.6       2506       1706      531.5      617.5      634.8      933.9      822.5       2400     -676.3       2756       1206       3661        197       3589       1103        298       2963     -864.2      -1651      -2895      -1394      -2934     -406.4     -373.2      324.5       1413       -403     -638.5     -183.1      -1082      566.5      -1072
        919     -57.75       1944     -901.3       1697      -4505      784.9      -2214      -2906      -2463     -562.2        313      440.9     -765.2      377.4      -3116      -9545      -3884      559.8     -329.6     -297.2        291      -5063 -1.106e+04 -2.751e+04 -2.713e+04 -3.878e+05 -1.683e+04 -1.486e+04 -1.673e+04 -2.448e+04      -9233 -2.137e+04 -1.529e+04 -2.638e+04 -2.181e+04 -1.135e+04      -4779      -8149       4662     -321.8       2249      -1093       1704      68.41     -49.86      790.5      -1329      -3785      -1944      558.6      -1552      -1658      -2548      -4864       3790       3647       1331      -1127       -274      -1129     -332.1      -1306      980.3     -815.9       2570        659      -2269      665.9       4410      -1580      -1818        -13      328.2      180.5      599.4      768.1      191.2     -81.59      -1244       2500       -653       3848      373.6       1207       1021       2030       4757       3255       2899       -123      274.6        763      -3154      -4419      -3069     -368.8       1415      65.71      -2356      -5483      559.8     -652.2      720.8      91.15
       3836       1264       2609      -1066     -32.81       6007       2875      344.2      564.1      -3851       1080       1047      -2618     -423.4       5426     -296.9       2622     -430.3      -4905       2775       -114     -455.1      -3189 -1.449e+04 -1.131e+04 -1.259e+04 -1.683e+04 -2.986e+05 -5.566e+04 -2.567e+04 -1.319e+04 -1.827e+04 -1.372e+04 -1.385e+04 -2.911e+04 -1.454e+04      -7762      -5660      -9687       2045       1651       2291     -574.5     -688.1     -479.3       2021       2558      64.61      -1631     -36.03      628.3     -321.2       1271       3971       2916        572       2638       1242      -1863       2272     -106.1      -2248     -181.3      407.4      -1392       1639      313.4      661.1     -894.8       2403       2152      -3910        388      -1367       2715       1682      913.9      614.7     -619.8      -1264      377.6       1781       4771      780.5       1462      984.5      -1894       2308      904.9      63.82     -9.025       5518       2262      -1213      817.4      276.2      270.3      -1215     -403.9     -974.3       2012      103.9       3123      -2569      -2080
       2538      697.8       2393       1004       1370       2887      -2084     -440.2       3000      -2528     -249.1      858.2     -336.4      -1294       2705       1176      -1103      -1102      603.9       2485     -409.7       2538      -4583      -9210 -1.387e+04 -1.029e+04 -1.486e+04 -5.566e+04 -2.109e+05 -2.714e+04 -2.222e+04 -2.574e+04 -1.386e+04 -1.148e+04 -2.402e+04      -8177      -5922      -6505      -6349     -514.6     -503.3       1359      652.2      -2696      537.3     -367.9      -1738      -2111      -1407       1433      428.9      908.3      -1317      -1596        304       2774       2182      -5886      -1680     -657.5       1399     -333.5       1696     -945.2      117.2       4302       4427     -412.1      -1141      613.9      -1132     -96.47     -528.7      892.5       1986      489.6        633      987.1     -448.2     -181.8       5319       1537      183.6      930.2      -1705     -857.3      799.3       1992     -967.8     -406.8       -817       1975     -94.08      -1836      -1695     -849.2      -2143       -823      817.8      -3378      -5116     -865.1      -1212      -2074      -3641
       1469      128.9       1010       2917       2547      135.5       3074      877.6      918.5      -1013     -219.9      64.07      465.8      658.6       3482      -6557       2473      26.72       2379     -829.8        335       1312      -2431     -959.5 -1.634e+04 -1.377e+04 -1.673e+04 -2.567e+04 -2.714e+04 -3.815e+05 -8.004e+04 -3.509e+04 -2.183e+04      -7563 -1.356e+04 -2.067e+04      547.6      -2751      -5125      -2259       1801       3598      -1485       3425      783.8       2411       3097      732.4     -176.8      -1390       1277       -425      664.9      -3539       5001       5141       2674      -3885     -844.6       4944       3455     -664.4       2038     -384.5      -1175     -128.7       3141       2864     -880.7      313.1       1061      336.7      -1766      540.4       2692       1742        423       1539     -431.5      378.4       2018     -174.1       2831       1230       3738     -826.1       4381      -2813      195.6       4230     -917.9       4188       2649     -701.3     -86.34     -53.97       1020     -84.07       1534      -1073     -79.76      913.3     -412.6      -3888      -1178
      862.4       1004      906.4       2354       2746      -1945     -27.99      -2202      -1165      -3120      -2334      739.3     -491.8       1009      -1550      -7429       1763      -1727      -3681       2377      325.9      371.3      -4691      -4867 -2.454e+04 -1.987e+04 -2.448e+04 -1.319e+04 -2.222e+04 -8.004e+04 -4.459e+05 -4.512e+04 -4.239e+04 -2.305e+04 -2.898e+04 -1.658e+04      -7305      -4041      -5771       2559       1440      -1424      -4414      -2005      40.07      -1711      542.1      -2591      387.8       2063      701.5     -470.9     -766.3       4476       2775      307.9       1770     -563.6      -1583       2435      354.9      536.2       1074      -38.7      782.8      -1183      -5257       3427      -1531       1325      -1435      -2851      -1848     -861.5        372      524.3      104.3       33.5       1041      488.9       2806      -1321       1965       1729       1640     -129.2       3702       -217      -5734      -8035        692      814.4      -4810     -655.9       1812      963.8      932.3      12.84       2212      -1640       3602     -191.4       4421     -759.8       2321
       2607       3601       3866       2675       4957     -783.7       2697      -4198       3328      -1268     -122.7       1445       2428      -2313      -2792      -3494      -5682      334.5       2800      269.3      -3698     -955.8       -202      -7770     -48.02  -1.32e+04      -9233 -1.827e+04 -2.574e+04 -3.509e+04 -4.512e+04 -7.248e+05 -8.381e+04 -2.238e+04 -1.346e+04      -7871      -3293      -5936      -7950       1382      -7524     -762.8       1422      114.1      691.2       2794      -1530      201.7      -3904       1587      561.8       -302  -1.16e+04       3977       6046     -37.44       2017     -270.3      -5109       1515      -1071      -1027      -1810      -1.59      -6462     -96.22      -2185      -4310      -1604      -3894       2318      -3223      -3028      181.6      657.4      149.2     -201.5      927.7      -1010     -345.8      -5974     -34.66       1570      358.9       2673      -2072       1220      -4325      -6017     -894.3      -2513      -4505      -2251      -2156       1512      603.5      -3618      24.46       2510      -2975       1270      -1911      -2290      -2190       1076
       3990       3087       6150       3359       7698       1245      533.9       1184       1595      -4767      -5279     -498.5      -1295      482.3       3427      -7384       3774      -3313       3227       1921     -936.9       1893      -4513      -4415 -1.225e+04 -1.451e+04 -2.137e+04 -1.372e+04 -1.386e+04 -2.183e+04 -4.239e+04 -8.381e+04 -5.779e+05 -1.604e+04 -2.589e+04      -6100      -3472      -3239      -8886       5787       3674      -1478     -920.3       3944     -701.5      109.4        457       1853     -459.7       4517       1958       2056       2925      -6021       5575      -2829       2759       4811       2466       4929       2687      -1792      22.85       1381      -1875       2680      -4055       1215       1987      670.7      927.6      -2905      -2462     -442.4      503.3      980.6     -755.5       1878       1921      756.7      -7658       1658     -739.3       1865      723.4     -612.2      156.9      -7470      -3890     -477.6      -1832       -181      58.37     -590.2       1559      -2139       1615     -213.7       3076      -1669      -2505      -2011     -228.5     -904.7       2389
       1336     -166.5       2214      848.3      701.3     -351.4       1977      -1560      -1446      618.5      -2526      960.1      542.4      580.9     -254.9      -2086       4664     -783.1       3670       1609     -826.6     -522.7      -1308      -3509      -8073      -7461 -1.529e+04 -1.385e+04 -1.148e+04      -7563 -2.305e+04 -2.238e+04 -1.604e+04 -1.642e+05 -1.379e+04      -5102      -2795      -1363      -4179      207.1     -168.2     -49.92      580.8      922.1       1074      756.3     -283.3      -1045     -819.9      908.3      122.1     -42.37      -1352      898.4       1882      -1488       2050     -906.9      793.3     -465.2      937.8      440.9      512.5     -320.8      -1184      -1294      -2250      -1790      235.8        369       2382     -685.9      37.39      -1598      963.4       1308      307.7      579.5      115.3      840.7       -470      430.6      419.7      926.6     -691.9      814.1      -1401       1337       1951      318.9      -1903      964.8       2314     -472.8       2580      227.7     -400.1     -634.8       1190     -450.3      -2913      675.7       1184        488       2194
       1944      111.5       1794       1062       5520       3998      -1988      419.2      715.5      -3120      -4205      1.123      -2484     -254.9       3240       1845      -3381      -2289       1641       2741     -144.2      374.6      -1675      -8188 -1.235e+04 -1.568e+04 -2.638e+04 -2.911e+04 -2.402e+04 -1.356e+04 -2.898e+04 -1.346e+04 -2.589e+04 -1.379e+04 -2.157e+05 -1.489e+04      -4165      -4773 -1.018e+04       4503      581.4       1640      -2334      -3339      -1487      -1487       1141      -1898      -1933      770.1       1143     -727.4      -1755      -1194     -539.1       3521      -2464      -4281       -292      -1266      183.1     -536.3     -448.1      -1025      -2902       2447      566.9      295.1      -1468      596.2       1687      -1443      -74.5      455.4       1877       1410      366.7       1075      905.8     -681.2       3859        604       4400       1046       3248       1365      -1549        963       3850       -817      -1812     -125.8       4961       -508      -1888      -1308     -184.9      -1612        990      -1634      -90.9       -631     -809.7     -894.5      234.6
       1150     -251.1      730.1       -410       3152      725.7      756.2     -360.3     -193.3      -1109      284.4      397.9        472       -627       2259      -1444       1519      89.55      406.7       1428     -313.3     -630.4      -1414      -4061 -3.303e+04 -1.111e+04 -2.181e+04 -1.454e+04      -8177 -2.067e+04 -1.658e+04      -7871      -6100      -5102 -1.489e+04 -1.123e+05      -4362      -2215      -6308       1511      735.2       3187     -569.1      76.92     -608.8     -310.6     -149.1     -867.6     -747.5      593.8      874.2     -342.7       1025       3173       3888       3806      490.8      619.1      232.4      306.3     -24.32      184.8      -1104      -1199      -1268     -296.7       2987       1793       1344       1303     -871.4     -635.7      211.8     -305.5       1306       1038      564.4      522.6     -604.7     -377.4       1451        356     -661.4        616     -336.7      -1151      -1082     -469.4       2256      -1407      -1079      -1862      -1405      -1529      -2812     -734.8     -565.6      868.6      32.02     -912.1      -1829     -867.6      295.5      542.2     -583.5
      750.1     -7.745     -89.12     -764.5      -1876     -94.49      -1184     -197.5      -2259      492.9      -1324       -127      369.7      619.4       1586      -1061      -3449      313.4       1346       1485      774.8      479.6      -1583 -1.481e+04 -1.193e+04      -7784 -1.135e+04      -7762      -5922      547.6      -7305      -3293      -3472      -2795      -4165      -4362 -1.318e+05      -6666 -2.596e+04     -673.6      37.31      159.5       1030       2049     -726.2       1610      -1065      534.7      -1338       1738      313.9       1186       1427       1359       1783     -1.561       -484     -251.9      -1185     -476.6       1392      116.7     -995.3     -800.9      -81.6       1875       2354      -4006       1035       1353      288.3      186.8       1338      332.3      362.1      400.9      278.9     -137.1      128.4     -117.1      -1285     -259.5      -1321      1.113     -978.1      620.3      -2357     -607.9       -421       2005      -1072      721.3     -240.5      269.8      52.45      180.5     -242.4     -189.8     -137.3      117.7      -1156       1106       2038       1110       1776
       -564      379.5        638      448.9        758       1263      549.7      277.9      94.97     -414.3       1017      540.2      16.31      616.4      610.5      -2221      -1978     -18.25      399.2      218.1      30.94     -893.2      -1116      -4408      -2519      -5064      -4779      -5660      -6505      -2751      -4041      -5936      -3239      -1363      -4773      -2215      -6666 -3.874e+04      -4131     -543.2      501.6     -104.3      347.4       1714     -464.5      623.5      237.5      701.6        471      482.3      103.5      316.2     -10.22     -186.9     -482.5       1387       1032      164.4      128.8     -562.4      63.71      157.4       -171      311.3     -41.15       1833     -48.84       1287      708.9      190.4      970.7      71.56      61.56      295.4      722.4      840.7        441      168.9      24.07      101.7       1703      130.6      796.5      234.8       1101      98.15      93.27     -237.7     -261.1      502.5      -1171      -1063      339.7      -1146     -209.3        528     -589.9     -17.72     -554.8     -122.5      365.4     -210.8     -957.9     -520.3     -597.9
      454.1        530       1397       1024       1404     -552.2      576.4     0.6962      928.4      -1591      69.99      786.2      73.66      838.6        397      -2615      836.5     -469.9     -295.5      128.8      -1150       -102      -2017      -7760 -1.232e+04      -9598      -8149      -9687      -6349      -5125      -5771      -7950      -8886      -4179 -1.018e+04      -6308 -2.596e+04      -4131  -7.81e+04     -36.42      638.6       -496      -1022      677.4     -707.5      365.8      -1624     -520.3      -2406       1377      524.4      721.1      144.3      612.9      449.2       2514     -40.34      717.4      423.3      -1744     -173.7     -528.8       1191     -391.8     -823.5      900.3      -1429      -1012     -226.3      973.2      143.4     -378.8     -366.9      951.5      835.1      416.9      94.74      494.4      483.5       -179       2451      -44.7       1902     -192.5       2957     -735.3      981.9       -741       2005       1717     -590.7       2241       3583     -226.7      343.1     -800.9      -1181      -1089      993.3     -784.8      -1600     -398.9      -1301     -769.9     -624.7
      -1100      301.3      -2991     -653.6      -4915      -3506      -4603     -556.5      -2133      -1704      -2462      -2915       1016       1700      -2798 -2.178e+04  -1.72e+04      -2752      -4369     -713.4     -208.9       1436      -3652      901.1       5434     -825.7       4662       2045     -514.6      -2259       2559       1382       5787      207.1       4503       1511     -673.6     -543.2     -36.42 -2.339e+05 -6.272e+04      -8266      -1005      -1617     -71.92      -3055 -1.016e+04      14.77      -3544      -5791      355.1      -3378      -6006      -6765      -5161      -4953      963.1       -459      -1912      398.6      -1367      73.83      -1451      165.8      -1155      -4258     -636.3      551.6      5.494      -1663      -1876       1085       1711      -1181       1263       1005      133.5     -197.3     -342.2       1048      -8597        522      -5225     -41.25      -1862     -296.5      -7187      -3143       1933       1699       1562     -567.1        621       2199       4181       1399       1897     -219.8     -21.47      -1237       1077     -772.9      -1995     -61.08       2399
     -105.5     -69.57      -1347       -233      -2047      -1298      -3902      653.1      -1110     -137.7      -1037      68.06       2190       1582      -5559  -1.26e+04 -1.165e+04      -2619      -3667      -1698       1153      434.5      -5272     -765.7       1308       2177     -321.8       1651     -503.3       1801       1440      -7524       3674     -168.2      581.4      735.2      37.31      501.6      638.6 -6.272e+04 -1.592e+05      -9325      18.61      -3122     -474.6      -1930  -1.19e+04      492.2      -3157      798.4      998.5     -626.5      -7119      -6668      -1312      -9418      -1507      -6835      767.5      -1387     -711.2     -673.3      -1136     -251.8      -2471      -3476      -3227     -799.3       1230      -1181      -1749      -1039     -211.2     -690.6      54.13      683.1     -207.4     -628.9     -503.6     -270.3      -8947      654.6      -4341      157.6      -3927     -811.6       1253       3085       2298     -334.8       -153      -2415      182.4      319.3      -1537       1586        375      676.4       1229      74.67      551.9     -27.52       -442        232       2001
      479.9     -426.6     -237.2        399      6.143      -5178     -750.9     -8.112     -208.5     -96.69     -446.9      -1426      108.6      971.9      -2488      -4065      -7007      -1605      -4304     -620.4      352.8      776.7      -2425      177.1      -2603       3312       2249       2291       1359       3598      -1424     -762.8      -1478     -49.92       1640       3187      159.5     -104.3       -496      -8266      -9325 -6.974e+04      -3974 -1.502e+04      -2124      -7719      -2000      116.1     -24.23     -774.8      14.58     -2.374      -3468      -1589     -326.6      -3779      -3560       1228       1258      296.9     -474.6     -573.1     -212.8       1376      401.7      -1865     -5.485     -867.3     -268.7       1295      16.27     -16.01      -1134     -331.2     -231.7      425.9     -179.1     -684.7       -429     -32.87      -2454      127.9      -1912      529.5      -2247      634.2      -2224      -1768      -2336     -679.3       1056      -1900       2012       1091       2812      198.9       1765      409.4        924     -229.7     -932.6     -745.3      253.4     -912.1      801.8
       -253       -374     -29.29      92.16      301.5      304.2     -903.2      340.5     -999.3        218      -1931      207.3      34.79      600.6     -559.1       1568      -1537     -906.9      -1631      631.2     -322.4      510.7     -608.7     -756.1      -3084     -685.4      -1093     -574.5      652.2      -1485      -4414       1422     -920.3      580.8      -2334     -569.1       1030      347.4      -1022      -1005      18.61      -3974 -4.031e+04      -6074      -1958      -4138      -1271      -2330      -2464        101      517.5     -112.3       1002       1157       2886      -1821       -294       2806     -696.9      400.8      489.6     -88.54      957.4        149     -288.4      -1965     -435.9      618.5     -131.3      722.4      607.1        348        129      141.9        489      173.8      189.4      366.2      369.4      288.2     -867.4      133.4      77.84      225.6      190.2      136.5      930.6      503.1     -27.85     -923.2      102.1      -1125      210.7      355.8     -241.7      294.1      92.15      364.4      160.3      246.7      627.1     -989.1      525.1      917.7      235.4
     -911.3      208.7      -1497     -372.9       1486     -552.4      -2741      -1014     -608.2      -1815     -759.9      21.98     -257.6      -1585     -233.4      -1038      -2140      -1335      976.2      -90.4     -119.9     -462.4       1294      -1466      -6490       2344       1704     -688.1      -2696       3425      -2005      114.1       3944      922.1      -3339      76.92       2049       1714      677.4      -1617      -3122 -1.502e+04      -6074 -1.145e+05      -5362 -2.384e+04      -1686      -3421       -293       -661      156.9     -811.2      -1453       2593       1743     -762.8      -1927     -960.4     -239.6       2243     -556.3      355.4       3284       2241      -1259     -441.6     -226.8      -1030     -851.3       1240      -1198      289.6     -755.9     -310.4     -763.5       -512     -575.3     -409.8     -760.5      657.6      -1997     -75.43      -1888      448.9      501.6      86.61      -1969      -1135      -2077      -1140      231.8      275.8     -273.3      815.1       1291        521      112.3        262     -828.2     -118.6       1584      -1789       1600      413.4       1034
     -388.4     -423.5       -941     -375.9      64.61     -258.4      43.33      360.2     -741.5      608.4     -319.5     -205.6     -710.3     -109.4      87.99      154.8      -1781      603.7     -916.7      4.274      49.24     -593.3      -1047     -373.7      -1246     -421.8      68.41     -479.3      537.3      783.8      40.07      691.2     -701.5       1074      -1487     -608.8     -726.2     -464.5     -707.5     -71.92     -474.6      -2124      -1958      -5362 -2.364e+04      -1624     -726.2     -774.7      -1176     -487.3      104.9     -290.5       1664      915.1      26.46     -82.82      847.6      426.9      332.9      409.3     -247.8      221.5        993        348      7.151      397.9      700.9      354.9      241.9      327.6      570.8       1013      411.5      288.5      664.5      248.3      317.1      269.1      164.8      297.4       1770      46.52      949.5      366.2      158.3      449.5       1439      22.74     -44.54       2347      281.7      523.1     -148.4      3.195     -288.8      156.5      153.8      490.8     -90.12      114.7       1106      283.4       1368      895.9      985.1
     -642.8      95.74     -402.8     -238.4     -132.8      -1256     -340.9      259.1     -190.6     -522.9       -654      247.7     -245.9     -24.15       -314      202.1      -2366     -507.2     -969.9      174.8     -465.4     -457.5      585.6      739.1      458.4       1507     -49.86       2021     -367.9       2411      -1711       2794      109.4      756.3      -1487     -310.6       1610      623.5      365.8      -3055      -1930      -7719      -4138 -2.384e+04      -1624 -4.408e+04     -874.4      -2751     -349.7     -360.1      255.5     -562.5       2315       2757       1743       1274     -691.5     -402.1     -39.18       1835      598.7      10.37       1663      234.4      126.8       1089     -224.3     -519.5     -536.1      220.2      142.2      233.9     -48.98      71.05      575.4      68.93      272.2      387.4     -131.2      297.4       1640      76.25       1299      836.6      529.7      71.35      103.4      -1848     -959.3      -2480      472.8       1057      849.6     0.1796       1913      665.8      -99.1      438.4     -250.5     -371.5       1312     -476.2       1049       1442      660.8
     -129.8     -953.7     -683.2      135.9      -1477     -565.1     -577.1     -341.8      215.9      -1143       1589      349.1       1049      815.9      -2013      -2477      -3036      -2302      -4324     -768.8       -332       -610      -3047      -1507      203.4     -492.4      790.5       2558      -1738       3097      542.1      -1530        457     -283.3       1141     -149.1      -1065      237.5      -1624 -1.016e+04  -1.19e+04      -2000      -1271      -1686     -726.2     -874.4 -6.495e+04      -2703  -2.02e+04     -423.9      592.2     -706.8      -3047      -6626      -7088      -4571      -1546       1189     -610.5     -883.6      -1355      555.8      434.2       1552     -887.5      -2311     -739.8      -2166     -272.2     -372.5     -978.9     -154.8     -999.4       1077      406.1      810.4      79.49     -66.44      161.2     -142.1      -4684     -169.6      -2042      215.4      648.6     -66.48     -154.1      395.6     -799.2     -781.5      15.18       1484      139.8      125.8       1985       1490     -492.1       1115      534.9      -1148      -1969      175.9      -1194     -42.28       -121
     -89.81       67.1      454.6     -278.6       1471     -260.1      -2008      -1621      374.4      -2436      -1498      857.4       86.8     -999.1       -235      -1935      -1091     -997.2      204.7      914.7      788.9      351.5     -198.3       -795     -201.8      -1058      -1329      64.61      -2111      732.4      -2591      201.7       1853      -1045      -1898     -867.6      534.7      701.6     -520.3      14.77      492.2      116.1      -2330      -3421     -774.7      -2751      -2703 -5.775e+04      -8424     -142.9      464.9     -517.2      965.2     -507.3      481.9      -2316     -584.2      56.97      449.2       1207      587.4     -556.2      13.58       -280     -153.4     -913.5     -106.2     -298.6     -111.6      574.8       -874      387.9      5.167      118.7      8.943      751.1     -201.9       -563      391.8     -234.6      -1368      117.8     -122.6      80.24     -172.3      32.17       1983       2418       -609      763.5       1213       1681      507.6      162.7       2007      597.5        642        740      99.42      -1168       -496       -180      252.1       1011     -697.3
        238     -955.2       1529      219.4       1478      181.5      113.7     -370.2      -1959      -3154     -217.8      898.2      964.6      523.6      776.9     -506.1      -1233      -1841     -637.5      251.5      363.4      393.2      -1712      -2285      -3102     -258.7      -3785      -1631      -1407     -176.8      387.8      -3904     -459.7     -819.9      -1933     -747.5      -1338        471      -2406      -3544      -3157     -24.23      -2464       -293      -1176     -349.7  -2.02e+04      -8424 -6.946e+04     -606.5      444.8     -539.4      -2535      -5396      -3516      -1839      -1762      -2446      -1620      -2686      -1293     -351.7       47.5       1038     -437.1      -3261      -1858      -3682      -1112      407.1      -1039     -883.4      -1543     -144.5       1268      674.6      666.9      273.2      443.6       -268      -1641       -636       2505      532.8       3435      578.6       2189       1126       1094     -400.7      328.1       2231       2179      288.1      -1993       1466     -482.2      572.6      729.8     -674.3      -1100      993.6     -687.2      992.8       1162
     -326.3       99.5     -552.7      96.52     -522.2      257.2     -680.9     -833.7     -319.5     -710.4     -1.252      218.6      872.2     -64.57      -1655      -2269       1640       -882     -444.8     -621.3     -79.85      517.6        479      950.8       -984      72.96      -1944     -36.03       1433      -1390       2063       1587       4517      908.3      770.1      593.8       1738      482.3       1377      -5791      798.4     -774.8        101       -661     -487.3     -360.1     -423.9     -142.9     -606.5 -4.143e+04      -1838 -1.333e+04     -974.4      200.5     -497.3       1144      -1611     -323.6       75.5     -563.6      -1245     -51.05      27.49       1071     -380.6       -870      466.3      -1186      497.8     -40.25     -24.27        573      405.7      180.6       -270      478.5      14.73     -548.5     -10.36      789.6      332.2      626.7     -114.8     -92.48      301.9     -309.4      -1931      -1890       -322       1449        890     -962.8      -16.9        606      321.3      901.9      395.2      508.4     -195.8     -527.3     -565.5     -308.2     -136.3       -129     -396.7
     -98.91      302.4     -269.8     -46.16      229.4      655.5      161.7      25.71      297.7      570.9      530.2      112.2     -199.4      43.53     -600.5     -173.2       1024      390.5       1261     -149.2        144      188.4      284.3       1004       1392      979.6      558.6      628.3      428.9       1277      701.5      561.8       1958      122.1       1143      874.2      313.9      103.5      524.4      355.1      998.5      14.58      517.5      156.9      104.9      255.5      592.2      464.9      444.8      -1838      -4919        718       -730      527.5      595.7      552.6      293.6     -52.17      155.3      481.5      203.7      267.3        271      69.12      251.1        584       -210      64.61      338.4     -222.5       -176      149.7      103.8      357.7      31.26     -139.4     -43.27      11.61      125.8      51.44      366.5      330.3     -67.83     -214.8      596.6      277.2     -62.36      424.2      452.3      906.3      473.2      705.9     -66.48        460     -374.7      141.7       13.2      187.9     -114.9      79.01      314.7      190.4      157.3     -174.7     -34.74
     -205.1     -128.5       -530     -5.721     -405.5     -67.52     -15.97     -200.5     -666.1     -473.4       -785      110.2     -71.88     -105.5     -866.3     -577.6      765.7     -514.8      -1167     -302.7     -110.8      359.3     -97.31       1442      -2119     -713.9      -1552     -321.2      908.3       -425     -470.9       -302       2056     -42.37     -727.4     -342.7       1186      316.2      721.1      -3378     -626.5     -2.374     -112.3     -811.2     -290.5     -562.5     -706.8     -517.2     -539.4 -1.333e+04        718 -1.804e+04     -141.4      -1085     -570.2     -266.7      -1070      973.2       -351     -246.3       -140      78.22     -718.2        783     -667.3      -1409     -533.9      10.26      219.4     -26.79     -232.8        265      369.1     -43.32      5.453      334.9      42.39     -55.81      371.1      601.9       -402     -12.33     -868.8      158.5       -243     -278.9     -583.3      -1834      191.1      241.8       -173      -1269      33.49      395.9     -9.927      557.3      75.35      549.5      287.9     -709.9     -664.5     -63.86     -42.16      170.5      92.21
       1565       2029       1380       1139       2564      587.7       2221     -451.8       1342       1025       1126     -565.4       1997      29.73      -6221 -3.653e+04 -1.377e+04      -2254      -3549      -3484      -1990      -2298      -5259      -4406      -5151       1947      -1658       1271      -1317      664.9     -766.3  -1.16e+04       2925      -1352      -1755       1025       1427     -10.22      144.3      -6006      -7119      -3468       1002      -1453       1664       2315      -3047      965.2      -2535     -974.4       -730     -141.4 -1.672e+05 -1.439e+04 -1.662e+04 -1.144e+04      -5083      -2820      -1738      64.72     -388.3     -696.3      -2752       1716      383.8      -9418      -1118      -2280     -505.4      -1765      -2326      -3593      -1533      404.4      -1303      -1115      295.5     -502.3     -544.7     -352.8  -1.14e+04      507.4      -6073     -567.4      -5062      269.9     -486.8      -2661      -1837      -1054       1317       1783       1350       1904       1411       2406       2143       1448       2096      806.5      -2411     -304.5      -3871      -4483      596.7
     -438.3       1987      231.3       1908      222.1      -6285      -1669       1238       1168      978.7      838.2        697     -109.5       2076       -708 -1.204e+04      -3934      -2276      -7186      -2215      654.7       2769      -9215      -1721       1694       3182      -2548       3971      -1596      -3539       4476       3977      -6021      898.4      -1194       3173       1359     -186.9      612.9      -6765      -6668      -1589       1157       2593      915.1       2757      -6626     -507.3      -5396      200.5      527.5      -1085 -1.439e+04 -3.529e+05 -1.896e+05 -7.223e+04 -1.077e+04      -4827      -5475      -2161      -2359      33.86      -3499      -1088      -3458      -6956      -3042      -5079      -1981      -1916      -4975      -1450      -1948      -1881      -1219      -1521      -1157      -1234        621      488.3 -2.063e+04      89.19      -7267       1114      -5369      449.6      -3382 -1.342e+04      -4051       1234     -617.3      -2535     -136.1      388.5       2778      767.5       2486      765.2      -1278      -3036      -2944     -219.5      -2508      -3693      690.1
     -674.1      599.1     -262.4       1902      -1171     -281.3      -1188     -286.6       -989       1565      429.3      -3096     -96.63       1631      396.2      -8313      -9579      -2079 -2.441e+04      -1313      768.4       3496 -1.012e+04      -4922       3443      -2721      -4864       2916        304       5001       2775       6046       5575       1882     -539.1       3888       1783     -482.5      449.2      -5161      -1312     -326.6       2886       1743      26.46       1743      -7088      481.9      -3516     -497.3      595.7     -570.2 -1.662e+04 -1.896e+05   -3.9e+05 -9.795e+04 -1.014e+04      -7052      -2457      537.1     -638.2     -574.5     -674.4        399       -490      -7918      -2014      -2798     -766.7       -114      -2633      -2231     -135.9      182.7      -1025      -1068      309.2      -1362       1876      331.4 -1.911e+04      -1781      -6521      951.7      -4891     -539.1      -6533      -8062      -9514      -4865      146.4      -3602       1491       2253       3228       1548       1586      658.4     -18.44      -2356      -6917     -852.1       2153      -4034      695.6
       1902      232.9     -596.8       1444      -3348      -3946      -3648      -1290      -3257       1783        876      -1794     -296.1       1181      -2624      -7430      -6789      -2853 -1.249e+04     -367.8      310.3       1823      -4461     -336.4      515.8       3310       3790        572       2774       5141      307.9     -37.44      -2829      -1488       3521       3806     -1.561       1387       2514      -4953      -9418      -3779      -1821     -762.8     -82.82       1274      -4571      -2316      -1839       1144      552.6     -266.7 -1.144e+04 -7.223e+04 -9.795e+04 -2.311e+05 -1.698e+04      -5722      -1064      -1741      -3509     -339.4      -3960       1100      -1159 -1.541e+04      -6037      -5796      -4207      -2908      -5748     -911.2     -368.7     -904.3        514      90.29      849.3      468.5       1306       1195 -1.806e+04     -783.9 -1.067e+04      379.7      -6085     -825.4      -4786 -1.063e+04      -7952      -5607     -430.4      -3308       1571      804.7       3056       2340       2353        542     -346.6     -193.6      -2343     -412.3        540      -1328       2082
       1301       1396        285      378.6       1743      -2695      -3838      905.5      341.9     -607.6     -143.4      532.8       1467       1131      -3308      -5087      -8349      -2285      -5990      -1189      580.1       2205      -3219      -1952      -1715       5159       3647       2638       2182       2674       1770       2017       2759       2050      -2464      490.8       -484       1032     -40.34      963.1      -1507      -3560       -294      -1927      847.6     -691.5      -1546     -584.2      -1762      -1611      293.6      -1070      -5083 -1.077e+04 -1.014e+04 -1.698e+04 -1.463e+05 -2.368e+04      -4189      -6742      -2977      -1567 -1.068e+04      -1399      -2129      -7666      -2711      -2428      -1688      -1718      -2339     -498.5      -1613       -829      471.4      574.4      161.3     -643.3       1177      81.59      -4245      286.6      -3107      642.8      -1709      -1648      -2293      -1980     -522.6      -1357       1450       3284       2176     -450.8       -260      499.9      728.2      894.3     -339.7      -1420      -1912      307.7     -823.7     -979.1        452
      952.2      134.2      82.23       1345       2633     -315.2      -1170      352.7      104.1      308.2      -2707      619.7      261.9     -854.8      -3244      -1778      -1760      987.4       3020     -484.6      490.3      940.8      574.7      998.8       2985     -368.6       1331       1242      -5886      -3885     -563.6     -270.3       4811     -906.9      -4281      619.1     -251.9      164.4      717.4       -459      -6835       1228       2806     -960.4      426.9     -402.1       1189      56.97      -2446     -323.6     -52.17      973.2      -2820      -4827      -7052      -5722 -2.368e+04 -2.624e+05 -1.317e+04 -2.461e+04  -1.09e+04      -2689      -5920      -1750      -2962      -3092      -1710      -1338      -1236     -389.7      -2959      -1608      -3755       -364      723.2     -752.5      346.4        518       1325     -189.8      -2628      326.7      -2839      910.5     -879.6      -1318      884.9      -1646      163.6      -4588     -936.8      869.6      -1343     -497.6      -1522      888.3     -999.5      72.57     -15.06      240.9       -657      364.7     -467.5      -1616      793.5
      244.7      359.9      971.2      441.3       1005      -1024        331      223.6       1076      314.9      50.15      555.9      193.8     -153.5      585.1     -808.1       1625     -662.3      -2273     -44.52      310.5      575.2      -1377      95.94      -3352     -236.4      -1127      -1863      -1680     -844.6      -1583      -5109       2466      793.3       -292      232.4      -1185      128.8      423.3      -1912      767.5       1258     -696.9     -239.6      332.9     -39.18     -610.5      449.2      -1620       75.5      155.3       -351      -1738      -5475      -2457      -1064      -4189 -1.317e+04 -4.352e+04      35.86     -358.9     -878.3      -2523      -1054      -1572      -2204      -2251      208.1      -1031      435.6      -1210     -241.6     -227.6      -1039     -431.9       60.2      198.7     -427.2     -728.8     -436.2      -2617     -950.4     -352.7      350.5     -862.3      75.43       38.7      -4978     -653.8      -1130     -501.2      -1743     -408.1     -577.4      -1686      153.8     -109.9      648.1     -9.029      -1029      -2560     -265.8     -744.1      -1089     -347.3
      919.2     -748.5      483.8     -622.2      541.2      362.4     -563.7     -320.3      371.1      80.52      -3129      799.4       2383       1190     -538.3      -1950       2873     -374.8      107.4     -58.95      294.4        888       1908       1983      -3837     -86.65       -274       2272     -657.5       4944       2435       1515       4929     -465.2      -1266      306.3     -476.6     -562.4      -1744      398.6      -1387      296.9      400.8       2243      409.3       1835     -883.6       1207      -2686     -563.6      481.5     -246.3      64.72      -2161      537.1      -1741      -6742 -2.461e+04      35.86 -1.147e+05  -2.47e+04      -4776      -3507     -752.2      -1081      -3146      -3699      -2059     -552.9     -373.5      -2665      -1798      -2699      -1461     -774.2     -129.9      368.5     -538.8      207.7      -1198      240.6      845.5      -1250      34.45     -985.8      908.9      -1128      974.4      -1544      873.5     -100.7       5792       2742      671.5       1179       2060       2320     -24.22      447.9      82.02       2913     -816.2      781.6      684.7       1195
       1073      92.35      939.1      948.4       1298      285.5        982     -868.9     -116.4      25.67     -548.1     -125.4      789.9       1074     -240.1      -1317       1633     -409.8       1106      475.4      145.1      369.6       1369      785.6      -1686        326      -1129     -106.1       1399       3455      354.9      -1071       2687      937.8      183.1     -24.32       1392      63.71     -173.7      -1367     -711.2     -474.6      489.6     -556.3     -247.8      598.7      -1355      587.4      -1293      -1245      203.7       -140     -388.3      -2359     -638.2      -3509      -2977  -1.09e+04     -358.9  -2.47e+04 -4.022e+04      426.4      -2990      -1080     -395.1      -1424      -1262      -1202     -906.9      -1068      -1788     -502.6       -718      -1457     -347.7     -146.1      175.9       97.1      58.54      183.8      -1816     -103.5      -1491      386.7      -1016      275.4      -1271      -1627      320.6       2392     -582.2       3594       1643      79.55      132.1      535.9        988      670.2      968.8     -760.5     -9.583      35.89      93.43     -214.3     -194.3
      415.2      24.23     -64.06      154.8      871.9     -462.2      247.2      300.1     -44.09     -395.1      -1005     -157.9      141.8      254.3       -452     -849.1      612.2       1017      -1167     -437.7      -99.1      -34.8     -146.2        731     -807.3     -277.7     -332.1      -2248     -333.5     -664.4      536.2      -1027      -1792      440.9     -536.3      184.8      116.7      157.4     -528.8      73.83     -673.3     -573.1     -88.54      355.4      221.5      10.37      555.8     -556.2     -351.7     -51.05      267.3      78.22     -696.3      33.86     -574.5     -339.4      -1567      -2689     -878.3      -4776      426.4 -1.769e+04     -476.3      71.17      276.3      -1221      -1958     -667.5     -351.5     -232.2      -1522     -976.9      -1060     -144.3      164.3      377.7      66.56     -232.2     -181.6     -211.4       1011     -257.2      569.7      16.48       1076      248.9     -219.6       1024     -284.8     -445.6      63.98       -289      518.5        958     -333.1      345.6        187      421.3      268.1      834.5       1542       -103      516.5      263.5      747.3
      995.7       1099      593.8        832       1214      623.7      887.7     -344.6     -969.9     -452.5      128.5     -730.1     -292.2      168.7      112.6      -3329      -1758      994.8      504.2      295.5      79.65       1401     -106.5       2306      -3517       1356      -1306     -181.3       1696       2038       1074      -1810      22.85      512.5     -448.1      -1104     -995.3       -171       1191      -1451      -1136     -212.8      957.4       3284        993       1663      434.2      13.58       47.5      27.49        271     -718.2      -2752      -3499     -674.4      -3960 -1.068e+04      -5920      -2523      -3507      -2990     -476.3  -8.31e+04      -7785      -8157      -1243      -2240      835.8      -1132     -452.2      -2703        340      184.4     -414.3     -82.63     -65.92      118.3     -827.5      190.9      345.8      -1630     -210.2      -1712      170.8      -2133      -1009      -2612      -1304     -392.8      -2788      405.8       1172      433.7      851.9     -395.3       1584      519.8     -145.2     -622.9     -958.4      -1885        435      -1668      -1573      66.88
      806.9      505.1        159     -309.8      744.6       1955      50.26      698.7       1755     -836.1      997.6      595.3      829.8        -37      725.2      855.9     -569.4      191.6       10.4      828.4      -55.9      818.9      735.6      222.8     -744.6        224      980.3      407.4     -945.2     -384.5      -38.7      -1.59       1381     -320.8      -1025      -1199     -800.9      311.3     -391.8      165.8     -251.8       1376        149       2241        348      234.4       1552       -280       1038       1071      69.12        783       1716      -1088        399       1100      -1399      -1750      -1054     -752.2      -1080      71.17      -7785 -4.337e+04      -2482      703.2      895.1     -1.288      -1127      37.02     -180.8      305.2     -548.6      -1033     -271.2     -265.3      267.4     -141.3      279.2      47.36      186.9     -307.3      924.8      382.8       1493      -1400      375.1      694.6       1735      600.3      714.7      442.9     -168.5     -91.43        318      132.4     -852.5     -412.2     -92.48     -480.4     -880.3      116.3     -797.6     -468.4     -835.8
      327.2     -115.3       1345     -420.8       1711      -1148     -140.7     -564.8        607     -598.8      461.1      406.9     -111.9      379.5      443.2     -927.3     -345.5      583.4       1212      750.5      39.78     -238.1      371.7       1384       2975      -1412     -815.9      -1392      117.2      -1175      782.8      -6462      -1875      -1184      -2902      -1268      -81.6     -41.15     -823.5      -1155      -2471      401.7     -288.4      -1259      7.151      126.8     -887.5     -153.4     -437.1     -380.6      251.1     -667.3      383.8      -3458       -490      -1159      -2129      -2962      -1572      -1081     -395.1      276.3      -8157      -2482 -5.436e+04      194.1      -1973      592.2     -681.9      136.6      -1623      528.9     -66.99     -244.9      90.52      223.3      242.9     -244.9      223.8     -96.28     -925.3       -176       1189      284.8       1597      621.3      523.6     -218.2       1080     -855.7     -525.2       -137     -854.3     -508.2     -304.9     -642.9     -110.3     -884.5     -372.4     -145.4     -642.2      447.7      -2013     -994.3     -716.6
      623.1     -789.8      477.4     -148.7      692.4      -1550     -645.9      490.8      -1524       1089      320.5      -1431      -1662      441.2      -1074      -7639 -1.012e+04     -607.5      -4917     -742.3     -720.6       1055      -1452      -3870       1444       2936       2570       1639       4302     -128.7      -1183     -96.22       2680      -1294       2447     -296.7       1875       1833      900.3      -4258      -3476      -1865      -1965     -441.6      397.9       1089      -2311     -913.5      -3261       -870        584      -1409      -9418      -6956      -7918 -1.541e+04      -7666      -3092      -2204      -3146      -1424      -1221      -1243      703.2      194.1 -1.704e+05 -4.971e+04      -8851      -3040     -821.3      -7500      -1527      -2187      -2150      55.64      254.6      375.2     -22.28       -713      325.8 -1.228e+04     -424.9      -3834      528.5      -6598     -989.6      -9256      -4106      -4456      -3380      201.2       3988      885.3       1308      347.5       1627     -172.6      649.6       1022      510.5      -2140       -342      -3513      -1670      97.97
      993.8       1691       1177      599.7      842.7      -2517     -29.85      924.9      436.5       3107     -196.2      687.8     -155.9      175.6      -2912      -2842      -5123     -765.1      -2159     -462.3     -477.6      621.4     -960.1     -223.6      738.9       4499        659      313.4       4427       3141      -5257      -2185      -4055      -2250      566.9       2987       2354     -48.84      -1429     -636.3      -3227     -5.485     -435.9     -226.8      700.9     -224.3     -739.8     -106.2      -1858      466.3       -210     -533.9      -1118      -3042      -2014      -6037      -2711      -1710      -2251      -3699      -1262      -1958      -2240      895.1      -1973 -4.971e+04 -2.204e+05 -2.095e+04      -5747      -4476 -2.073e+04      -4683      -5521     -938.6      -1692      -1245     -90.63     -229.4     -69.12     -139.6  -1.16e+04      -1245      -2413      352.1      -4582      -1900      -5998      -5856      -6190      -2302     -180.4       1487      766.2     -205.8        108      612.1      856.3      566.8        678     -813.8      -2592       -453      -2161      396.6     -48.13
      200.3      542.2      796.2       1589       1207        191      720.8      -1591     -506.2       1705       2075      309.2      733.9     -391.7     -377.5      58.18      -2069      -2240      -2590      52.85       1072       1645      158.3      -2974       3454       3126      -2269      661.1     -412.1       2864       3427      -4310       1215      -1790      295.1       1793      -4006       1287      -1012      551.6     -799.3     -867.3      618.5      -1030      354.9     -519.5      -2166     -298.6      -3682      -1186      64.61      10.26      -2280      -5079      -2798      -5796      -2428      -1338      208.1      -2059      -1202     -667.5      835.8     -1.288      592.2      -8851 -2.095e+04 -1.124e+05 -1.048e+04      -6243      -2433     -132.9     -468.1      -1472     -593.3     -540.4      64.43     -226.5        294      745.5      -2059      73.17      -2074        759      -1583       -361     -549.6      -1885     -739.7     -530.5      -1366     -39.07     -355.3      -1448       1834      920.3       2028      438.1     -6.822      -1158      -6551      469.8     -385.1     -417.2       1663
       1369      435.6      784.8      480.5       -499      190.4       1236      521.4      643.9      -1056      249.4      372.6       -543     -385.3       1021        102     -485.9     -684.5       1261     -19.18      721.8      639.6     -104.5       -252      -2507       1363      665.9     -894.8      -1141     -880.7      -1531      -1604       1987      235.8      -1468       1344       1035      708.9     -226.3      5.494       1230     -268.7     -131.3     -851.3      241.9     -536.1     -272.2     -111.6      -1112      497.8      338.4      219.4     -505.4      -1981     -766.7      -4207      -1688      -1236      -1031     -552.9     -906.9     -351.5      -1132      -1127     -681.9      -3040      -5747 -1.048e+04 -3.954e+04       -347      -1662      -1718      -2260     -562.5     -784.7     -364.8      154.8      95.27      312.9     -394.7      -3887     -336.7      -2088      154.3      -1256        167      -2387      926.7      -1055      -1845     -163.8      94.24     -381.4      -1232       1684      107.6      834.2     -211.7      216.8      569.3      44.72     -268.4     -508.9      -1147     -615.5
      490.7      983.4       1025      908.1      112.7      532.1        240     -65.21       1558      73.87      355.1      203.6      445.3      279.2     -551.1      -1999      657.1         66       1457      300.4      323.6      298.6      237.5       2011       3368       1782       4410       2403      613.9      313.1       1325      -3894      670.7        369      596.2       1303       1353      190.4      973.2      -1663      -1181       1295      722.4       1240      327.6      220.2     -372.5      574.8      407.1     -40.25     -222.5     -26.79      -1765      -1916       -114      -2908      -1718     -389.7      435.6     -373.5      -1068     -232.2     -452.2      37.02      136.6     -821.3      -4476      -6243       -347  -3.11e+04      -3021      -1284      -1766       -918      464.6     -6.586      362.4     -84.49     -0.563      259.7     -569.5      456.8       1305        116      517.9      895.6       3051      -1898      560.3      107.8      160.6      261.5       1772      369.1     -53.12       2035       1214       1263        274      503.7       1531     -264.9      781.5     -688.9      330.4
       2057       1831       1108      906.9     -400.4      324.6      104.6       1452     -368.4      27.02       2511       1051      25.87       -204     -828.9      -2013      -2400     -353.5       2335      -1881     -959.3     -219.5       1707     -213.5      -1475       1640      -1580       2152      -1132       1061      -1435       2318      927.6       2382       1687     -871.4      288.3      970.7      143.4      -1876      -1749      16.27      607.1      -1198      570.8      142.2     -978.9       -874      -1039     -24.27       -176     -232.8      -2326      -4975      -2633      -5748      -2339      -2959      -1210      -2665      -1788      -1522      -2703     -180.8      -1623      -7500 -2.073e+04      -2433      -1662      -3021 -9.134e+04      -8230      -9459      -1371     -870.2     -42.88     -555.2        476     -371.9     -266.9      -2351     -395.7     -222.7      467.7      431.6      -1217     -486.5      461.6      472.1      488.1       1339       2679       1297      931.6     -57.23      259.6      213.6       1158      956.1     -88.17      -1245     -69.47       1150      -1061        523
       1791       1373      867.5      980.7      699.5       1138       1157      608.5      773.7     -83.87      295.9      702.6     -405.1     -627.8      -1246     -796.1      359.2     -349.7      482.9     -578.5      -1521     -790.6     -784.2       1193      -3176      -1926      -1818      -3910     -96.47      336.7      -2851      -3223      -2905     -685.9      -1443     -635.7      186.8      71.56     -378.8       1085      -1039     -16.01        348      289.6       1013      233.9     -154.8      387.9     -883.4        573      149.7        265      -3593      -1450      -2231     -911.2     -498.5      -1608     -241.6      -1798     -502.6     -976.9        340      305.2      528.9      -1527      -4683     -132.9      -1718      -1284      -8230 -3.986e+04      -2245     -408.4      163.6     -119.7      336.4     -33.86     -239.8     -414.7     -36.08      265.7      223.4      171.2      410.9     -195.7      996.7      147.2     -379.9        650     -35.24       3799       1633      362.8      271.7      121.3       1264       1105       1168      136.6      894.3     -582.4     -343.3     -433.4     -235.1
       1613      708.1       1958       1423      999.2      757.6       2279       1467      592.3      847.3      132.1      531.1       -220     -822.5      614.2      231.4     -321.1        590       1261     -52.95     -541.5       -165      834.6       1307      -1734     -298.6        -13        388     -528.7      -1766      -1848      -3028      -2462      37.39      -74.5      211.8       1338      61.56     -366.9       1711     -211.2      -1134        129     -755.9      411.5     -48.98     -999.4      5.167      -1543      405.7      103.8      369.1      -1533      -1948     -135.9     -368.7      -1613      -3755     -227.6      -2699       -718      -1060      184.4     -548.6     -66.99      -2187      -5521     -468.1      -2260      -1766      -9459      -2245 -4.464e+04     -299.4     -430.2     -366.3      125.8     -169.1     -527.3     -747.3      -1270     -344.9     -171.6      425.8     -864.7     -273.4      -1007      -1324     -121.7     -230.7       1048       1870       1336      386.4     -186.3       -202      512.1     -166.2       1589      233.4      604.2       -844      361.1      -1494      7.776
      626.7      150.6      501.3      689.2      402.3       1496        415     -515.4      -1439        231       1258      345.9      193.2     -204.8       1027      -3063     -36.75     -187.5     -120.7        758      530.8      253.2     -769.8     -386.1     -241.8       2506      328.2      -1367      892.5      540.4     -861.5      181.6     -442.4      -1598      455.4     -305.5      332.3      295.4      951.5      -1181     -690.6     -331.2      141.9     -310.4      288.5      71.05       1077      118.7     -144.5      180.6      357.7     -43.32      404.4      -1881      182.7     -904.3       -829       -364      -1039      -1461      -1457     -144.3     -414.3      -1033     -244.9      -2150     -938.6      -1472     -562.5       -918      -1371     -408.4     -299.4 -2.882e+04        487      497.8     -77.66      106.4      95.96     -113.4      -2449     -85.14      -2840      147.1      -3798     -424.6      -1764      -1049     -499.4     -374.5     -101.8      -1171     -549.4     -451.9     -662.4     -771.9        666      71.11     -381.5     -456.4     -564.2     -424.8     -21.11     -434.8     -226.2
      2.963      180.9     -493.1      24.63      313.1     -873.8      450.3      856.1      271.1     -99.93       1715      258.3      106.4      449.7     -150.3      775.5     -124.3        205     -474.1     -693.8     -578.5       -118     -715.8      465.1      549.9       1706      180.5       2715       1986       2692        372      657.4      503.3      963.4       1877       1306      362.1      722.4      835.1       1263      54.13     -231.7        489     -763.5      664.5      575.4      406.1      8.943       1268       -270      31.26      5.453      -1303      -1219      -1025        514      471.4      723.2     -431.9     -774.2     -347.7      164.3     -82.63     -271.2      90.52      55.64      -1692     -593.3     -784.7      464.6     -870.2      163.6     -430.2        487 -2.166e+04      -7582      -3130     -363.4     -43.88     -196.4      -1920     -165.1      -1850     -376.2      -2002      134.9      -2780      293.1     -238.7       1161     -406.3      349.3      279.7      407.4     -629.6      471.9      255.7      130.7      166.5      719.1      489.1      326.7      766.4     -509.8      39.32
      248.3      720.8       13.4       10.3     -227.7     -52.94      445.5      830.5      109.1      457.1       1092      317.5     -386.7      14.32      46.38       -276     -39.96      107.9      245.7     -487.5     -177.8      184.4     -74.29        655       1073      531.5      599.4       1682      489.6       1742      524.3      149.2      980.6       1308       1410       1038      400.9      840.7      416.9       1005      683.1      425.9      173.8       -512      248.3      68.93      810.4      751.1      674.6      478.5     -139.4      334.9      -1115      -1521      -1068      90.29      574.4     -752.5       60.2     -129.9     -146.1      377.7     -65.92     -265.3      223.3      254.6      -1245     -540.4     -364.8     -6.586     -42.88     -119.7     -366.3      497.8      -7582 -1.374e+04     -42.12      58.72      176.9      48.88      -1298      232.9      -2129     -270.7      -1626      344.6      -1032      74.29      222.5       1648     -52.21      663.3      293.1      462.3      487.4     -27.04      540.2      436.8      310.2      160.6      55.57      107.8      215.1     -883.4      13.32
     -220.8     -262.9      -50.2      129.4      150.9      521.5      317.1      189.9       1098      102.6      667.3     -207.4     -34.77     -136.2     -56.78      380.9      109.6      194.2      49.82      70.87      209.8     -205.8      718.9      964.2     -106.8      617.5      768.1      913.9        633        423      104.3     -201.5     -755.5      307.7      366.7      564.4      278.9        441      94.74      133.5     -207.4     -179.1      189.4     -575.3      317.1      272.2      79.49     -201.9      666.9      14.73     -43.27      42.39      295.5      -1157      309.2      849.3      161.3      346.4      198.7      368.5      175.9      66.56      118.3      267.4      242.9      375.2     -90.63      64.43      154.8      362.4     -555.2      336.4      125.8     -77.66      -3130     -42.12      -8251      129.3      149.6      53.96      464.8     -67.09     -171.4     -153.5      131.1      80.65     -153.4     -217.2      427.5      780.2      369.4      336.7     -41.18      374.5     -437.7     -35.58      23.48      115.4      259.2      371.2     -363.3     -72.51      461.5     -167.9       82.8
      164.4      418.6      534.2      337.6      437.1     -272.7      354.2     -117.7     -74.79      487.4     -162.6     -20.02        994      603.3     -714.3     -894.9     -372.3     -404.2       -897      66.81      171.2      605.7       -689     -787.3      161.6      634.8      191.2      614.7      987.1       1539       33.5      927.7       1878      579.5       1075      522.6     -137.1      168.9      494.4     -197.3     -628.9     -684.7      366.2     -409.8      269.1      387.4     -66.44       -563      273.2     -548.5      11.61     -55.81     -502.3      -1234      -1362      468.5     -643.3        518     -427.2     -538.8       97.1     -232.2     -827.5     -141.3     -244.9     -22.28     -229.4     -226.5      95.27     -84.49        476     -33.86     -169.1      106.4     -363.4      58.72      129.3 -1.142e+04      -1247      -4069      -1583      45.04      -1005      204.5     -822.8     -91.03     -616.3       -703     -810.8     -801.1      91.26     -799.4      122.4      661.5      480.9      376.7      388.9      170.5       -236      263.8        402     -251.3     -678.2     -53.96      163.6
      333.1     -77.75      785.4      156.3      247.4        127      210.1     -9.679      396.5       12.8        249      258.1     -428.3      290.1     -513.8       1052     -841.5     -132.8      477.2     -105.7     -652.8      29.82       -333     -228.6     -10.03      933.9     -81.59     -619.8     -448.2     -431.5       1041      -1010       1921      115.3      905.8     -604.7      128.4      24.07      483.5     -342.2     -503.6       -429      369.4     -760.5      164.8     -131.2      161.2      391.8      443.6     -10.36      125.8      371.1     -544.7        621       1876       1306       1177       1325     -728.8      207.7      58.54     -181.6      190.9      279.2      223.8       -713     -69.12        294      312.9     -0.563     -371.9     -239.8     -527.3      95.96     -43.88      176.9      149.6      -1247 -2.172e+04      -4449     -93.08     -156.8      476.8      181.9        384      191.6      -1501      440.8     -158.8       1350      219.4     -378.6      667.8      230.5     -447.1        609     -429.2      108.1      695.5       1195       -102      220.9      27.69      200.7      952.7
      482.9      854.4       1018     -79.69       1012      502.9      906.8      669.2      298.2      160.2     -256.1     -43.36      500.6     -313.4     -440.8      695.4      949.1      112.1      -1380     -167.6      50.09      76.06     -109.8      115.3      167.9      822.5      -1244      -1264     -181.8      378.4      488.9     -345.8      756.7      840.7     -681.2     -377.4     -117.1      101.7       -179       1048     -270.3     -32.87      288.2      657.6      297.4      297.4     -142.1     -234.6       -268      789.6      51.44      601.9     -352.8      488.3      331.4       1195      81.59     -189.8     -436.2      -1198      183.8     -211.4      345.8      47.36     -96.28      325.8     -139.6      745.5     -394.7      259.7     -266.9     -414.7     -747.3     -113.4     -196.4      48.88      53.96      -4069      -4449 -2.483e+04       -846      265.4      628.3       32.2      838.4     -67.41     -342.5       1017     -282.3     -290.2        706      126.9       1141      642.2      308.8      20.23      42.12      370.9     -31.63       1088      789.5      441.7        449      374.8     -244.4
      557.5       1507        736      990.4      -2356      -2550      -1975     -494.8      91.08       -450       1719      95.64       1557       1788       1289      -6696      -5265       -878      -6443     -54.29      508.4       2040      -9421      -2115      161.2       2400       2500      377.6       5319       2018       2806      -5974      -7658       -470       3859       1451      -1285       1703       2451      -8597      -8947      -2454     -867.4      -1997       1770       1640      -4684      -1368      -1641      332.2      366.5       -402  -1.14e+04 -2.063e+04 -1.911e+04 -1.806e+04      -4245      -2628      -2617      240.6      -1816       1011      -1630      186.9     -925.3 -1.228e+04  -1.16e+04      -2059      -3887     -569.5      -2351     -36.08      -1270      -2449      -1920      -1298      464.8      -1583     -93.08       -846 -2.267e+05      -1988 -8.045e+04      420.3 -5.197e+04     -997.8 -3.041e+04      -8163      -9289      -3422       1148      -9115      -1023       1808       1530       1355      242.6      995.6       1015      -1329      -5237      -2687      -3057      -2540     -807.9
        132     -454.8      121.5      78.61      49.56      33.02      397.7      80.51      -70.2      8.863       -499      72.15     -201.9     -844.9      102.4      351.2       1170     -416.1     -17.31     -381.6       -321      410.8     -274.4     -713.9     -266.3     -676.3       -653       1781       1537     -174.1      -1321     -34.66       1658      430.6        604        356     -259.5      130.6      -44.7        522      654.6      127.9      133.4     -75.43      46.52      76.25     -169.6      117.8       -636      626.7      330.3     -12.33      507.4      89.19      -1781     -783.9      286.6      326.7     -950.4      845.5     -103.5     -257.2     -210.2     -307.3       -176     -424.9      -1245      73.17     -336.7      456.8     -395.7      265.7     -344.9     -85.14     -165.1      232.9     -67.09      45.04     -156.8      265.4      -1988 -1.746e+04      203.7        378     -50.46     -675.7     -640.4      335.9      -1638      -1329     -512.9     -248.1     -306.1      671.2      364.8     -232.9     -326.4     -516.7      129.8    -0.7902      119.5      -64.5       -305      363.8        330
       1215      362.8      654.3      -1115      -1384     -503.5     -429.7      -1085      -2558       3169       3468      646.2       1307       1697       1312      -2302      -2385     -42.82      -5530      -1278       1056       2406      -5891     -510.5       1495       2756       3848       4771      183.6       2831       1965       1570     -739.3      419.7       4400     -661.4      -1321      796.5       1902      -5225      -4341      -1912      77.84      -1888      949.5       1299      -2042     -122.6       2505     -114.8     -67.83     -868.8      -6073      -7267      -6521 -1.067e+04      -3107      -2839     -352.7      -1250      -1491      569.7      -1712      924.8       1189      -3834      -2413      -2074      -2088       1305     -222.7      223.4     -171.6      -2840      -1850      -2129     -171.4      -1005      476.8      628.3 -8.045e+04      203.7 -1.929e+05      474.5 -9.483e+04     -841.9  -4.76e+04 -1.015e+04      -8585      -2924     -887.9 -1.003e+04      -2788       1486      -3166       1101      977.4     -759.3      -1088      -1984      -4579      -1240     -333.1      -1672     -740.1
      110.8      356.4        164     -68.07      222.8      793.5      467.1      242.6      502.7      594.1      533.3      117.2      40.15        134      40.12     -431.7      626.5      566.1       1173      7.379     -18.76      70.28        154        642      800.1       1206      373.6      780.5      930.2       1230       1729      358.9       1865      926.6       1046        616      1.113      234.8     -192.5     -41.25      157.6      529.5      225.6      448.9      366.2      836.6      215.4      80.24      532.8     -92.48     -214.8      158.5     -567.4       1114      951.7      379.7      642.8      910.5      350.5      34.45      386.7      16.48      170.8      382.8      284.8      528.5      352.1        759      154.3        116      467.7      171.2      425.8      147.1     -376.2     -270.7     -153.5      204.5      181.9       32.2      420.3        378      474.5      -7018      840.1      461.6      856.3        466     -671.3      406.7     -21.55      564.1      266.7      324.2     -205.1      242.6      112.6      72.98      34.98        254      538.9     -130.3     -97.04     -272.5     -105.1
        749       1110      582.3     -485.5      -1731      419.6      370.5     -191.5      -3472       1744       4197       1291       2340       1612      -3412      -4060      -1469     -449.1      -7218     -744.9       1049       1837      -5050     -371.6     -251.3       3661       1207       1462      -1705       3738       1640       2673      723.4     -691.9       3248     -336.7     -978.1       1101       2957      -1862      -3927      -2247      190.2      501.6      158.3      529.7      648.6     -172.3       3435      301.9      596.6       -243      -5062      -5369      -4891      -6085      -1709     -879.6     -862.3     -985.8      -1016       1076      -2133       1493       1597      -6598      -4582      -1583      -1256      517.9      431.6      410.9     -864.7      -3798      -2002      -1626      131.1     -822.8        384      838.4 -5.197e+04     -50.46 -9.483e+04      840.1 -1.649e+05      -1876 -7.419e+04 -1.273e+04 -1.187e+04      -6796      -1660      -4958      -3014        649      -1625      210.3     -925.8     -957.8     -983.9      -1343      -5617      -1333      -2693      -3063      -1395
      246.6      281.1     -889.9      761.6     -38.07       1812     -501.9      65.41       1123      822.9      59.08        781      691.1      145.3       -112      -1873     -299.2      153.3      465.3      300.2      707.8      449.1     -320.7      340.5      -2114        197       1021      984.5     -857.3     -826.1     -129.2      -2072     -612.2      814.1       1365      -1151      620.3      98.15     -735.3     -296.5     -811.6      634.2      136.5      86.61      449.5      71.35     -66.48      32.17      578.6     -309.4      277.2     -278.9      269.9      449.6     -539.1     -825.4      -1648      -1318      75.43      908.9      275.4      248.9      -1009      -1400      621.3     -989.6      -1900       -361        167      895.6      -1217     -195.7     -273.4     -424.6      134.9      344.6      80.65     -91.03      191.6     -67.41     -997.8     -675.7     -841.9      461.6      -1876 -2.455e+04      -2104     -105.7      395.8      -1398     -614.9      -1447      -2128      -1431     -266.8      -1089     -842.7      -1006     -166.4      -2080      -1441     -638.3      -1957      -1384       -523
       1954       1054      447.9     -583.5      215.5      213.3       2011      761.3      -1185      261.2       2105       2148       2556       1452      -1432      -2832     -142.6     -116.9      -2089     -54.88       1025      461.4      -3889      -4394      718.4       3589       2030      -1894      799.3       4381       3702       1220      156.9      -1401      -1549      -1082      -2357      93.27      981.9      -7187       1253      -2224      930.6      -1969       1439      103.4     -154.1       1983       2189      -1931     -62.36     -583.3     -486.8      -3382      -6533      -4786      -2293      884.9       38.7      -1128      -1271     -219.6      -2612      375.1      523.6      -9256      -5998     -549.6      -2387       3051     -486.5      996.7      -1007      -1764      -2780      -1032     -153.4     -616.3      -1501     -342.5 -3.041e+04     -640.4  -4.76e+04      856.3 -7.419e+04      -2104 -1.759e+05 -2.632e+04 -1.242e+04 -1.012e+04      -2628      -7118      -4868     -616.8      -1216      -1039      -1934     -680.9       -773      -3173      -7475     -921.7      -4214      -1151     -460.4
      640.6       2500       1408      291.6       2234     -245.5      -3312      286.1      -2595       2344      546.4      105.1     -398.8     -443.1     -454.5      -5282      -4299      619.9      -8076       1046       1853     -183.9      -4768       2624       1406       1103       4757       2308       1992      -2813       -217      -4325      -7470       1337        963     -469.4     -607.9     -237.7       -741      -3143       3085      -1768      503.1      -1135      22.74      -1848      395.6       2418       1126      -1890      424.2      -1834      -2661 -1.342e+04      -8062 -1.063e+04      -1980      -1646      -4978      974.4      -1627       1024      -1304      694.6     -218.2      -4106      -5856      -1885      926.7      -1898      461.6      147.2      -1324      -1049      293.1      74.29     -217.2       -703      440.8       1017      -8163      335.9 -1.015e+04        466 -1.273e+04     -105.7 -2.632e+04 -2.675e+05 -7.083e+04 -2.538e+04      -4917 -1.192e+04 -1.062e+04      -2777      -4763      34.02     -473.2      -1501      -1111      -5987      -9152      -2295      -1966      -2838      -1102
      106.5       1195      324.7      105.8     -606.1     -369.8      1.283      17.43     -235.2       2142       1211     -488.8       1218       1956      -1646     -602.9      -7168      256.2      -1778      38.81       1429       1805      -3892      -3521     -871.5        298       3255      904.9     -967.8      195.6      -5734      -6017      -3890       1951       3850       2256       -421     -261.1       2005       1933       2298      -2336     -27.85      -2077     -44.54     -959.3     -799.2       -609       1094       -322      452.3      191.1      -1837      -4051      -9514      -7952     -522.6      163.6     -653.8      -1544      320.6     -284.8     -392.8       1735       1080      -4456      -6190     -739.7      -1055      560.3      472.1     -379.9     -121.7     -499.4     -238.7      222.5      427.5     -810.8     -158.8     -282.3      -9289      -1638      -8585     -671.3 -1.187e+04      395.8 -1.242e+04 -7.083e+04  -1.45e+05 -3.617e+04      -1703  -1.46e+04      -8679      -2344      -5154     -38.55      -1263      -2163      -1985      -1459      -5235      -1731      -1678       1129     -847.2
      39.98       1190      450.3      129.8      -1420       2775       1147       2067      309.8      678.5      375.5      -1701     -431.8       2694      -4176      -5079      -3555      -1142     -956.6       2625       1793       1917     -27.36       3144      558.5       2963       2899      63.82     -406.8       4230      -8035     -894.3     -477.6      318.9       -817      -1407       2005      502.5       1717       1699     -334.8     -679.3     -923.2      -1140       2347      -2480     -781.5      763.5     -400.7       1449      906.3      241.8      -1054       1234      -4865      -5607      -1357      -4588      -1130      873.5       2392     -445.6      -2788      600.3     -855.7      -3380      -2302     -530.5      -1845      107.8      488.1        650     -230.7     -374.5       1161       1648      780.2     -801.1       1350     -290.2      -3422      -1329      -2924      406.7      -6796      -1398 -1.012e+04 -2.538e+04 -3.617e+04 -2.251e+05      -3891 -2.953e+04 -1.094e+04      -5735      -8763      -4246      -4202      -1016      -2477     -836.6      -3582      -1393      -3312     -671.3      -1139
      407.9      814.7       1090       1058     -930.3      319.9      110.1      185.4      417.3      620.3      606.3       1312      352.9        330      155.7      -1159       2194      611.5      193.6      861.2      393.7     -113.3     -70.89     -298.8      381.4     -864.2       -123     -9.025       -817     -917.9        692      -2513      -1832      -1903      -1812      -1079      -1072      -1171     -590.7       1562       -153       1056      102.1      231.8      281.7      472.8      15.18       1213      328.1        890      473.2       -173       1317     -617.3      146.4     -430.4       1450     -936.8     -501.2     -100.7     -582.2      63.98      405.8      714.7     -525.2      201.2     -180.4      -1366     -163.8      160.6       1339     -35.24       1048     -101.8     -406.3     -52.21      369.4      91.26      219.4        706       1148     -512.9     -887.9     -21.55      -1660     -614.9      -2628      -4917      -1703      -3891 -3.947e+04      -4412      -2918      -2152      -2692      -1379      -2203      -1768      -1897     -978.3     -786.1     -633.4       -726     -921.8      -1205
      -1278        114      400.3      101.6       1026       4127      362.8       1182       2623       2177     -833.4      -1291     -158.7       2167       2496       1854     -446.6      787.2       1172      908.2       4271       1954      -2158      961.2     -496.6      -1651      274.6       5518       1975       4188      814.4      -4505       -181      964.8     -125.8      -1862      721.3      -1063       2241     -567.1      -2415      -1900      -1125      275.8      523.1       1057       1484       1681       2231     -962.8      705.9      -1269       1783      -2535      -3602      -3308       3284      869.6      -1743       5792       3594       -289       1172      442.9       -137       3988       1487     -39.07      94.24      261.5       2679       3799       1870      -1171      349.3      663.3      336.7     -799.4     -378.6      126.9      -9115     -248.1 -1.003e+04      564.1      -4958      -1447      -7118 -1.192e+04  -1.46e+04 -2.953e+04      -4412 -2.064e+05 -3.787e+04      -6016      -9413      -2070      -7866      -1927      -2637      -2144      -3297      -1126      -4716      -1841      -3004
      419.1      73.16       1276      82.48     -813.6       2142      31.92       1348       1193       3350       2050      359.8      577.4      675.6       2321     -73.39      912.8      489.2       3215      723.7       2000      902.8     -889.6      -1367       1939      -2895        763       2262     -94.08       2649      -4810      -2251      58.37       2314       4961      -1405     -240.5      339.7       3583        621      182.4       2012      210.7     -273.3     -148.4      849.6      139.8      507.6       2179      -16.9     -66.48      33.49       1350     -136.1       1491       1571       2176      -1343     -408.1       2742       1643      518.5      433.7     -168.5     -854.3      885.3      766.2     -355.3     -381.4       1772       1297       1633       1336     -549.4      279.7      293.1     -41.18      122.4      667.8       1141      -1023     -306.1      -2788      266.7      -3014      -2128      -4868 -1.062e+04      -8679 -1.094e+04      -2918 -3.787e+04 -1.212e+05      -8974 -1.585e+04      -3824      -8010      -1158      -2328      -1222      -3156     -719.8      -4452     -900.3      -2390
      520.7      410.5       1234      332.5       2068     -125.4     -798.1      992.8       1167      86.04      -2055      953.2      693.8        471       1448       4144       3486      177.4       1477       1242     -68.94      437.9       1728    -0.7035     -558.7      -1394      -3154      -1213      -1836     -701.3     -655.9      -2156     -590.2     -472.8       -508      -1529      269.8      -1146     -226.7       2199      319.3       1091      355.8      815.1      3.195     0.1796      125.8      162.7      288.1        606        460      395.9       1904      388.5       2253      804.7     -450.8     -497.6     -577.4      671.5      79.55        958      851.9     -91.43     -508.2       1308     -205.8      -1448      -1232      369.1      931.6      362.8      386.4     -451.9      407.4      462.3      374.5      661.5      230.5      642.2       1808      671.2       1486      324.2        649      -1431     -616.8      -2777      -2344      -5735      -2152      -6016      -8974 -6.284e+04 -1.103e+04      -4656      -5560      -1667      -2222      -2044      -1320     -349.9      -1204      -1215      -1275
      -1194       1391     -192.3      94.24      -1757       4534       1879       2320      78.93      -3227     -598.1      728.4      637.7      874.2      822.2      982.6       3771       1809     -861.4      970.3       2367       1543     -743.7      915.1      -4742      -2934      -4419      817.4      -1695     -86.34       1812       1512       1559       2580      -1888      -2812      52.45     -209.3      343.1       4181      -1537       2812     -241.7       1291     -288.8       1913       1985       2007      -1993      321.3     -374.7     -9.927       1411       2778       3228       3056       -260      -1522      -1686       1179      132.1     -333.1     -395.3        318     -304.9      347.5        108       1834       1684     -53.12     -57.23      271.7     -186.3     -662.4     -629.6      487.4     -437.7      480.9     -447.1      308.8       1530      364.8      -3166     -205.1      -1625     -266.8      -1216      -4763      -5154      -8763      -2692      -9413 -1.585e+04 -1.103e+04 -1.998e+05 -1.062e+04 -2.303e+04      -2165      -2205      -2269      -1722      -1493      104.5      -1682       -585
      503.6      178.3      492.7      460.2       1082     -424.7      247.9     -384.5      997.7      173.3     -295.8      163.2      369.2      630.4      -1141       1298      799.1      515.6     -112.9       1540      183.1      121.9     -455.8       1091      469.6     -406.4      -3069      276.2     -849.2     -53.97      963.8      603.5      -2139      227.7      -1308     -734.8      180.5        528     -800.9       1399       1586      198.9      294.1        521      156.5      665.8       1490      597.5       1466      901.9      141.7      557.3       2406      767.5       1548       2340      499.9      888.3      153.8       2060      535.9      345.6       1584      132.4     -642.9       1627      612.1      920.3      107.6       2035      259.6      121.3       -202     -771.9      471.9     -27.04     -35.58      376.7        609      20.23       1355     -232.9       1101      242.6      210.3      -1089      -1039      34.02     -38.55      -4246      -1379      -2070      -3824      -4656 -1.062e+04 -4.083e+04      -2410      -1457     -353.5     -909.5      -2164     -578.7       -303      -1435      -1643
     -2.661      721.5      764.6      200.8        972       2032        639       1595      858.8       48.8       1164      644.6     -517.6      394.5       -431      114.2       1276      529.3       1476       1010     -789.5      460.5       56.5      954.6      -4397     -373.2     -368.8      270.3      -2143       1020      932.3      -3618       1615     -400.1     -184.9     -565.6     -242.4     -589.9      -1181       1897        375       1765      92.15      112.3      153.8      -99.1     -492.1        642     -482.2      395.2       13.2      75.35       2143       2486       1586       2353      728.2     -999.5     -109.9       2320        988        187      519.8     -852.5     -110.3     -172.6      856.3       2028      834.2       1214      213.6       1264      512.1        666      255.7      540.2      23.48      388.9     -429.2      42.12      242.6     -326.4      977.4      112.6     -925.8     -842.7      -1934     -473.2      -1263      -4202      -2203      -7866      -8010      -5560 -2.303e+04      -2410 -5.642e+04      -2100      -1034      -1186      -1293     -765.6      -1475       1041      -1944
      565.9     -138.9      839.7      356.5      444.6      649.9      985.6       1153       1704      279.2      447.9      661.9      375.6      297.1      325.1       2494      675.4        341      674.3      534.7        601      211.3       1131      530.6      916.5      324.5       1415      -1215       -823     -84.07      12.84      24.46     -213.7     -634.8      -1612      868.6     -189.8     -17.72      -1089     -219.8      676.4      409.4      364.4        262      490.8      438.4       1115        740      572.6      508.4      187.9      549.5       1448      765.2      658.4        542      894.3      72.57      648.1     -24.22      670.2      421.3     -145.2     -412.2     -884.5      649.6      566.8      438.1     -211.7       1263       1158       1105     -166.2      71.11      130.7      436.8      115.4      170.5      108.1      370.9      995.6     -516.7     -759.3      72.98     -957.8      -1006     -680.9      -1501      -2163      -1016      -1768      -1927      -1158      -1667      -2165      -1457      -2100 -2.546e+04      -1276     -553.2      -1724     -305.9      -1526      28.99     -885.9
      93.55      725.4     -49.35      52.99     -186.2       1107     -136.6     -156.7      703.9      82.17       1989      756.3       1045      941.2      644.3       1151      569.8     -148.6     -801.6       1018      951.1      846.1     -494.6      -1174       1536       1413      65.71     -403.9      817.8       1534       2212       2510       3076       1190        990      32.02     -137.3     -554.8      993.3     -21.47       1229        924      160.3     -828.2     -90.12     -250.5      534.9      99.42      729.8     -195.8     -114.9      287.9       2096      -1278     -18.44     -346.6     -339.7     -15.06     -9.029      447.9      968.8      268.1     -622.9     -92.48     -372.4       1022        678     -6.822      216.8        274      956.1       1168       1589     -381.5      166.5      310.2      259.2       -236      695.5     -31.63       1015      129.8      -1088      34.98     -983.9     -166.4       -773      -1111      -1985      -2477      -1897      -2637      -2328      -2222      -2205     -353.5      -1034      -1276 -2.984e+04     -178.8     -162.1     -18.56     -192.7      902.1     -387.7
      348.1        335      48.83      170.7        483      148.2       1215     -137.7     -294.4      883.1        466      569.5       1.21      332.3     -540.3     -804.6      764.3      83.75      629.1      404.1      711.6      491.9        168     -443.5      802.1       -403      -2356     -974.3      -3378      -1073      -1640      -2975      -1669     -450.3      -1634     -912.1      117.7     -122.5     -784.8      -1237      74.67     -229.7      246.7     -118.6      114.7     -371.5      -1148      -1168     -674.3     -527.3      79.01     -709.9      806.5      -3036      -2356     -193.6      -1420      240.9      -1029      82.02     -760.5      834.5     -958.4     -480.4     -145.4      510.5     -813.8      -1158      569.3      503.7     -88.17      136.6      233.4     -456.4      719.1      160.6      371.2      263.8       1195       1088      -1329    -0.7902      -1984        254      -1343      -2080      -3173      -5987      -1459     -836.6     -978.3      -2144      -1222      -2044      -2269     -909.5      -1186     -553.2     -178.8  -2.85e+04      -2778      -1092      -2568      -2315      -1264
      628.8       1000       1623       1024     -426.5       2304     -133.5      -1234       -250       1219       2184      703.8       1934       1604      121.5     -350.1      981.3     -43.82       1606     -373.8      845.6       1247       -751      125.7       1079     -638.5      -5483       2012      -5116     -79.76       3602       1270      -2505      -2913      -90.9      -1829      -1156      365.4      -1600       1077      551.9     -932.6      627.1       1584       1106       1312      -1969       -496      -1100     -565.5      314.7     -664.5      -2411      -2944      -6917      -2343      -1912       -657      -2560       2913     -9.583       1542      -1885     -880.3     -642.2      -2140      -2592      -6551      44.72       1531      -1245      894.3      604.2     -564.2      489.1      55.57     -363.3        402       -102      789.5      -5237      119.5      -4579      538.9      -5617      -1441      -7475      -9152      -5235      -3582     -786.1      -3297      -3156      -1320      -1722      -2164      -1293      -1724     -162.1      -2778 -1.098e+05      -2938  -3.13e+04      -4774      -8192
      256.1      454.5      439.7      447.3     -562.7      616.4      566.3     -389.2     -298.3      74.88     -634.5     -173.5     -66.57      58.93      60.48        142      -1019      127.5      591.9      561.2     -20.63     -459.2     -136.7      80.86      -2613     -183.1      559.8      103.9     -865.1      913.3     -191.4      -1911      -2011      675.7       -631     -867.6       1106     -210.8     -398.9     -772.9     -27.52     -745.3     -989.1      -1789      283.4     -476.2      175.9       -180      993.6     -308.2      190.4     -63.86     -304.5     -219.5     -852.1     -412.3      307.7      364.7     -265.8     -816.2      35.89       -103        435      116.3      447.7       -342       -453      469.8     -268.4     -264.9     -69.47     -582.4       -844     -424.8      326.7      107.8     -72.51     -251.3      220.9      441.7      -2687      -64.5      -1240     -130.3      -1333     -638.3     -921.7      -2295      -1731      -1393     -633.4      -1126     -719.8     -349.9      -1493     -578.7     -765.6     -305.9     -18.56      -1092      -2938 -2.314e+04     -239.1      -1362     -888.6
     -45.02       1086       1101      626.9      531.3     -529.8     -9.194     -702.2       2411      880.2       1126      990.1       1292       1017      -1616       1807       2631      747.5      104.2      480.1        854       1318      269.3       15.8      838.9      -1082     -652.2       3123      -1212     -412.6       4421      -2290     -228.5       1184     -809.7      295.5       2038     -957.9      -1301      -1995       -442      253.4      525.1       1600       1368       1049      -1194      252.1     -687.2     -136.3      157.3     -42.16      -3871      -2508       2153        540     -823.7     -467.5     -744.1      781.6      93.43      516.5      -1668     -797.6      -2013      -3513      -2161     -385.1     -508.9      781.5       1150     -343.3      361.1     -21.11      766.4      215.1      461.5     -678.2      27.69        449      -3057       -305     -333.1     -97.04      -2693      -1957      -4214      -1966      -1678      -3312       -726      -4716      -4452      -1204      104.5       -303      -1475      -1526     -192.7      -2568  -3.13e+04     -239.1 -8.962e+04      -7886  -1.19e+04
       1013       1178       1066        777       -809      386.5       1285       1036       1494     -81.17      613.4      289.9      478.2      70.34       -668      -4093      -2420        422      938.4     -370.3     -375.4     -274.1     -54.42      233.5      71.25      566.5      720.8      -2569      -2074      -3888     -759.8      -2190     -904.7        488     -894.5      542.2       1110     -520.3     -769.9     -61.08        232     -912.1      917.7      413.4      895.9       1442     -42.28       1011      992.8       -129     -174.7      170.5      -4483      -3693      -4034      -1328     -979.1      -1616      -1089      684.7     -214.3      263.5      -1573     -468.4     -994.3      -1670      396.6     -417.2      -1147     -688.9      -1061     -433.4      -1494     -434.8     -509.8     -883.4     -167.9     -53.96      200.7      374.8      -2540      363.8      -1672     -272.5      -3063      -1384      -1151      -2838       1129     -671.3     -921.8      -1841     -900.3      -1215      -1682      -1435       1041      28.99      902.1      -2315      -4774      -1362      -7886 -4.056e+04      -3074
      531.7      966.5        250        891       1549       1147       2078      279.7       1634     -442.4        473       1308      589.9      486.9     -635.5       3749     -413.9      396.5      198.5      29.45     -306.6     -253.2       1049     -412.3       1840      -1072      91.15      -2080      -3641      -1178       2321       1076       2389       2194      234.6     -583.5       1776     -597.9     -624.7       2399       2001      801.8      235.4       1034      985.1      660.8       -121     -697.3       1162     -396.7     -34.74      92.21      596.7      690.1      695.6       2082        452      793.5     -347.3       1195     -194.3      747.3      66.88     -835.8     -716.6      97.97     -48.13       1663     -615.5      330.4        523     -235.1      7.776     -226.2      39.32      13.32       82.8      163.6      952.7     -244.4     -807.9        330     -740.1     -105.1      -1395       -523     -460.4      -1102     -847.2      -1139      -1205      -3004      -2390      -1275       -585      -1643      -1944     -885.9     -387.7      -1264      -8192     -888.6  -1.19e+04      -3074 -4.088e+04
