
 54

(Amphimedon: 0.171028, Suberites_: 0.149820, (Trichoplax: 0.239079, (((Acropora_m: 0.111897, (Anemonia_v: 0.081987, Nematostel: 0.066547): 0.038260): 0.049049, (Hydra_magn: 0.105240, Hydractini: 0.091224): 0.163317): 0.029692, (((Branchiost: 0.154843, ((Ciona_inte: 0.123790, Molgula_te: 0.144578): 0.125261, (((Danio_reri: 0.056493, ((Gallus_gal: 0.026391, ((Homo_sapie: 0.007011, Mus_muscul: 0.009493): 0.014161, Ornithorhy: 0.039981): 0.013417): 0.017639, Xenopus_tr: 0.048977): 0.016321): 0.011644, Leucoraja_: 0.068249): 0.035676, (Eptatretus: 0.132469, Petromyzon: 0.065364): 0.036782): 0.060674): 0.024427): 0.014034, (((Patiria_pe: 0.115341, (Holothuria: 0.136563, Strongyloc: 0.134302): 0.017484): 0.048454, (Ptychodera: 0.060992, Saccogloss: 0.084898): 0.059200): 0.023074, (Symsagitti: 0.542944, Xenoturbel: 0.213059): 0.027158): 0.008778): 0.009838, ((((((Alvinella_: 0.141105, (Capitella_: 0.134704, Pomatocero: 0.175767): 0.019246): 0.009370, (Helobdella: 0.129107, Tubifex_tu: 0.100311): 0.058688): 0.031561, (((Aplysia_ca: 0.126781, Lottia_gig: 0.150998): 0.032234, (Crassostre: 0.091789, Mytilus_ga: 0.101510): 0.043321): 0.019058, Euprymna_s: 0.193256): 0.026855): 0.019495, (Brachionus: 0.236939, Philodina_: 0.271647): 0.097940): 0.011391, (Flaccisagi: 0.057182, Spadella_c: 0.049937): 0.206655): 0.005020, (Priapulus_: 0.203889, (Caenorhabd: 0.434066, (Euperipato: 0.132936, ((((Daphnia_pu: 0.163993, ((Gryllus_bi: 0.088705, (Rhodnius_p: 0.157260, Tribolium_: 0.104464): 0.014216): 0.042561, Onychiurus: 0.200202): 0.018898): 0.019009, Litopenaeu: 0.240827): 0.026480, Scutigera_: 0.095095): 0.006043, (Anoplodact: 0.131509, (Acanthoscu: 0.108838, Ixodes_sca: 0.158990): 0.030625): 0.026918): 0.017896): 0.012376): 0.009445): 0.017853): 0.023657): 0.036513): 0.027881): 0.095731);

  0.171028  0.149820  0.095731  0.239079  0.027881  0.029692  0.049049  0.111897  0.038260  0.081987  0.066547  0.163317  0.105240  0.091224  0.036513  0.009838  0.014034  0.154843  0.024427  0.125261  0.123790  0.144578  0.060674  0.035676  0.011644  0.056493  0.016321  0.017639  0.026391  0.013417  0.014161  0.007011  0.009493  0.039981  0.048977  0.068249  0.036782  0.132469  0.065364  0.008778  0.023074  0.048454  0.115341  0.017484  0.136563  0.134302  0.059200  0.060992  0.084898  0.027158  0.542944  0.213059  0.023657  0.005020  0.011391  0.019495  0.031561  0.009370  0.141105  0.019246  0.134704  0.175767  0.058688  0.129107  0.100311  0.026855  0.019058  0.032234  0.126781  0.150998  0.043321  0.091789  0.101510  0.193256  0.097940  0.236939  0.271647  0.206655  0.057182  0.049937  0.017853  0.203889  0.009445  0.434066  0.012376  0.132936  0.017896  0.006043  0.026480  0.019009  0.163993  0.018898  0.042561  0.088705  0.014216  0.157260  0.104464  0.200202  0.240827  0.095095  0.026918  0.131509  0.030625  0.108838  0.158990

  0.008699  0.019743  0.000000 -0.020670  0.010193  0.023177  0.000000  0.008899  0.000000  0.005649  0.035474  0.008756  0.022119  0.000000  0.005054 -0.007205  0.006888  0.000000 -0.012784  0.005173  0.015798 -0.008391  0.000000  0.000000  0.018124  0.010744  0.028636  0.037751  0.081947  0.076391  0.086666  0.068785  0.038056  0.029384  0.028022  0.032148  0.014878  0.020046  0.024313 -0.009521  0.026172  0.019709  0.000000 -0.032894  0.000000  0.005388  0.009892  0.000000  0.019851 -0.041368  0.000000  0.018234  0.011941  0.013610  0.014388  0.000000  0.018057  0.010092  0.020404 -0.029982  0.016415  0.008169  0.019793  0.014950  0.009522  0.012754  0.016850  0.009586  0.024796  0.019723  0.000000  0.016527  0.034084  0.017073  0.000000  0.010353  0.013274  0.006030  0.007158  0.009702  0.007148  0.012329  0.032291  0.007103  0.000000  0.000000  0.021730  0.000000  0.000000  0.045412  0.009751  0.029992  0.027078  0.026465 -0.010904  0.016095  0.008432  0.007517  0.000000  0.000000  0.000000  0.000000 -0.006213  0.000000  0.010045


Hessian

 -5.075e+04      -2991  -1.71e+04      784.6      -7048      149.7     -854.5     -383.9      -2317      181.4       1110      -1056      554.8      -1293      -1682       2253       1698      760.5     -958.2     -964.5     -68.75     -490.4      -1131       1043       2390       1433       2415       2783     -816.2       1073       -294      -2080       5565       3270      541.3      506.5      -1643      560.4     -475.3      -1427      -2867     -169.8      414.1     -918.8       -601     -24.86      385.4      -1021      905.1       -330     -437.3     -398.9      820.9      -2266      -2764     -552.5      -2010      -1528      279.6      409.1      970.1        337     -97.54      33.41      623.2       1214       2324      -1282      726.3       -411       1271      916.9       1515     -183.8      81.17        340      212.4      182.4      501.6     -223.6      -2066      49.97      -3703     -139.5      -2599     -461.4     -41.34       2323     -355.6      205.4      433.7       2198      -1261       1557     -37.19       1382      993.7      35.01       -318      237.7      -2978     -70.15     -757.7       1340      829.7
      -2991 -3.937e+04      -3560     -889.4      -2574      -1001      -1945     -298.3      -3436      -1318      -1773      -1196     -935.9        315       -542     -666.3       2188     -9.723     -39.37      282.1      334.8       -851     -91.68      447.8      -1066       1309       3735      199.2        191     -612.2       1665      -1802      397.9      -1214       1093     -308.6      22.78      54.26     -612.6        550     -779.4      -1420     -481.8      -1157     -828.9      554.8      225.1      -1051      305.7      823.5      34.57      147.6       2200     -885.1       1691       1419     -122.9     -519.7      992.3        472      672.4     -151.4     -685.7     -195.6     -234.9      169.2       2133      708.1       43.2     -104.8     -429.4       2085       1707      803.8      433.2      473.1      641.9     -226.2      357.1      379.2       2697      22.17       1570      713.6      -1014        872      875.9     -10.55     -316.4      -1061        148      149.9      903.5      662.3      335.5      70.27     -150.5      428.9      256.7      38.12      -1248      645.5      715.8      304.8       1216
  -1.71e+04      -3560 -6.866e+04      389.5 -2.304e+04      -2165      -2479     -180.4     -925.3     -230.8      -6.31      -2559      -1112      -1098      -4162      96.35        684      254.2      -1797      -2029      163.7     -206.2      755.3      -2700     -927.6       3333      941.6       3817      -1408       2639       3629       1583       3573       1144       2704       1732      -1561       1789       1099      -2755      -5060      -1074     -616.1       -949      443.7     -127.4     -809.4      -1174      411.1     -156.5     -499.1      290.8      -1893      315.6      424.5      -3391       1448       3739      738.2       2709       2038     -316.4       1198     -653.1       1514     -626.5       2877      -2734       1026      835.7      674.7       2796       1591      831.4      -1079      31.05      315.6      645.8      714.5      861.7      -5909        189     -652.1     -153.7     -639.3      272.9     -159.1       1071      971.7     -358.9       1032        586      -2031       4105      785.8        729       2326     -29.93      219.4      692.5     -463.6      900.8     -270.8      503.1      418.9
      784.6     -889.4      389.5 -4.125e+04 -1.471e+04      -3270      -2073     -84.79      -1975       -483     -892.7     -736.4      769.7      88.07      -3195      -1435      -2292      467.4     -326.9       -368     -79.94      349.9     -224.9       -432      918.5      630.5       2567       1138      -1587     -65.67       2299      -3114     -436.8      627.1      150.8     -43.23       1938      777.7      690.2     -853.8      -1802      -1231      82.84     -275.1     -79.23      489.4     -635.4     -84.63      -1121      538.3     -108.6      204.6     -498.4      -1481       1609      -1455     -317.3       2084       1014     -212.4      296.4        498      93.16      506.2     -599.1       -683      -1177      986.2      223.4     -21.56     -137.4      693.6      716.8       1589     -540.8     -552.2      7.699     -154.3      145.3      49.12      973.1      140.4      -1511      73.43      -1655      438.9      109.4       1234      707.6       1463      -1316      -1618      -1520      186.9      185.4     -373.8      562.2     -202.6      737.9      238.2       1729      593.6       1428      703.6     -88.79
      -7048      -2574 -2.304e+04 -1.471e+04 -1.949e+05      -5652      -5086     -946.8      -3738     -737.3      -2413      -2972     -481.9      -1393 -1.531e+04       -811       4066      -1205      -2950      -5527     -631.1      940.8      466.2      -5003       3201       1442     -23.08       6949      -3128       6057       2441       2043       8407       5507       1385      657.4       3250       1515       4384      -4209      -8991      -3146     -771.2      -1039      195.9     -970.2      -2441      -1137     -473.8      -1909      -1155      -1057       1870      -2519       1811       1621       2925      511.4       2242       2898       2212       1728       1652     -414.3       1273      -1404      -1501      -1191       -354       2267     -967.4       1526       1162        247      -2524      344.3        489       -540       1331     -336.9      -2815     -672.3      -2588     -468.3      -2506     -216.8      -1095       2928       4249      -1608      519.8       2295      723.3       3537     -141.2     -171.3       1245       1481      129.2       1057      329.1       1187      -1238      586.7      264.2
      149.7      -1001      -2165      -3270      -5652 -2.487e+05 -4.186e+04      -5047 -1.021e+04     -790.1      -6175      -3162      -2003     -112.8 -3.831e+04 -1.039e+04 -1.566e+04      -7575      -5308      -1818      450.6      490.4      -7741       1310       1582      593.1      -2195     -322.1       3900       2082       6215      -9009 -1.182e+04       3187      -2193       5794       5669       3214       1592      -3756      -9505      -4776      -2109     -643.7      -1452     -680.3      -2152     -965.3      -4242     -467.2      527.1     -10.05      -4855      -3037      -8042      -9402      -6018     -885.4      -2507      844.6     -6.855     -842.7     -361.6      983.8       2441      -8559     -451.2      -4868        779       2691     -716.3       1621      559.5       2222       -734     -512.2      888.3      -1332     -671.9      309.1      -2311     -121.9      -4208     -199.4      -2710      211.8      -4204      -4483      -2736     -36.81       3048       3450       3808       2391      -6700       1795      887.2       1627       1313     -11.33      -2697     -458.8      -1926       1881       3059
     -854.5      -1945      -2479      -2073      -5086 -4.186e+04 -1.794e+05      -6003 -1.639e+04      -5396      -9052      -1538      -1080      302.2 -1.438e+04      -7672      -5239      -3795      -1574     -504.8      -1563       2682      -9115      -1174       7278       2059      -2566      -1432       -839     -848.4     -740.8      -3800       2012       1865      -1966       4928       2384       2510      -1723      -7572 -1.113e+04      -7222     -909.8      117.5        886       1078      -2203       -789      -1722      -1312      281.7     -384.5      -2325      -5988      -6347      -6562      -5859      -6873      -1433       1093       1963      348.9      386.2       1263       3751      -7430      -2839      -1799       1683       2505      -2275       1294       2026       -485      818.3      495.6      794.8     -777.2      404.3      452.4      -4417     -950.7     -273.5       1391      -2205      332.7       1120      807.9      -3287      400.8       2767       1808       -553       1363       -830       1995      2.632        406       1364     -296.7      -1716     -4.109      -1144       2765      729.2
     -383.9     -298.3     -180.4     -84.79     -946.8      -5047      -6003 -1.014e+05 -1.612e+04      -4836      -9607     -982.2      -1396     -166.3      -2942      -6220      -2133      -1733       -429      995.8      860.3        347      -3277       1128       -965      816.2      -1888       7396       1122       7100       3322      -8068      -2931       1043      -1481      -1025     -190.5        288     -883.2      -3652      -3480     -519.7      -1731      958.6      -1231      695.7     -880.1      -2784     -419.8     -743.4       -132     -91.73        473     -315.9      816.8     -464.2      -1191       1390      271.8      -1386      -1024      122.2      219.9      314.2      932.4      -1297      -2592     -437.3      -1662      -1909     -462.3      639.7     -497.1      188.8      204.3       1092      190.4      17.15     -167.8      201.3       1705       1644       1802       1164       2240     -965.6       1494     -906.9       1727     -373.7     -654.8      728.9      -1536      101.8       1107       2598      195.4       1763     -53.68       -315     -60.21      305.6        241       2107     -248.2
      -2317      -3436     -925.3      -1975      -3738 -1.021e+04 -1.639e+04 -1.612e+04 -2.165e+05      -8352 -3.428e+04      -2231      -1164      -2971      -7429      -8436      -6177      -4696      -1463      -1419     -723.9     -27.41      -2526     -355.4       1244       1823      -4261      -5552      -4469      -9413       2478      -2186      -4174     -60.44      -1543      -1429       61.3       1247       1560 -1.029e+04      -4119    -0.6238     -48.64     -782.9     -189.7      -1716      -4018      -2474      -4600     -102.7     -526.5     -80.85       3666     -276.6      -3211      -6392       1899       2840      294.2      -4468     -377.7       1944      275.1      467.8     -848.5     -646.1      -4216      -1855       2146     -58.69      859.1       3075      78.99       1184       1178       1446       1381      396.9     -706.5      -1336       1158     -817.9       1427       1733      635.4     -673.4      -3899      243.9       1542     -544.8     -405.6       1151       4138       1467       1114       2120      -2300      598.7     -110.8      -1692      -3218      440.7       1677      411.6       4216
      181.4      -1318     -230.8       -483     -737.3     -790.1      -5396      -4836      -8352 -1.151e+05 -1.799e+04      -2303      -2092      -1495      -1599       2043       1738      -2237      -1636     -461.4      -1295      -1453      751.5       1382       1556      -1519       5618      -4456      508.5      -2204      -3290      -9246      -2807      -2980       1078      -1367       1660      305.7      3.251       3557      498.5       2176      -2691      934.2     -493.9      458.2     -827.1      -1238      -1227      -1194      360.5       -997     -990.9       2122       3293      972.3       1387     -580.5     -195.8     -407.9     -836.4     -233.9       2055       1741      138.2      524.8      291.3       3703     -892.5     -292.2     -966.6      -2100      -2402      709.6      859.7      485.2      829.1      201.1     -437.9     -46.64       1261      680.9      -3428      870.6     -843.4       1287       2480       5235       2522       5878     -417.9       2868       -475      -1500      -1408       1236       -103       1270      900.3      739.3       2447     -977.8       1622       1285      891.6
       1110      -1773      -6.31     -892.7      -2413      -6175      -9052      -9607 -3.428e+04 -1.799e+04 -1.669e+05      -1629      -2885      -1411      -1615       4434      -2026      -3794       1440      501.7      -2158     -891.9      -1445       3850      -6893      -1779       3653       2018       3127      -2924      -5993      -5791      -3836      -3460      -1688      -4798     -455.9     -719.8      -1518       5043      -1722     -64.37      -3362      -2746      -2643      -2758      -1512      -1872      -1665       1679      234.8     -601.4     -395.2      -1933      -2036      -3362      106.3      -1002     -239.2      -3534      495.4      -2304     -216.5      -1002      564.1      -1267        444       3510      -1560      -1378      619.9     -952.2     -99.44      -1259       1324       1597      784.4      250.5      -1469     -243.7       2025     -404.9     -694.2       1891      90.63     -269.4       1587     -306.3      -1362     -12.19       -108       3305      534.3      154.2       3121       2150      -2275       1900       1208      -1178     -960.1      -1072     -979.3      709.5      883.8
      -1056      -1196      -2559     -736.4      -2972      -3162      -1538     -982.2      -2231      -2303      -1629 -5.293e+04 -1.436e+04      -2658      -1348     -999.5      -2803     -567.2      -3817      -2999      -1048      -1418      -1377       2282       5252       2160       2736       3135      505.6       2368       4593       3489       5430      -1005      477.6       1129       2037       1546       2174      -1092      954.6      -2223     -25.48     -875.6      207.4     -224.4      964.1      -2212      409.8     -213.7     -600.7     -504.7      -1053      -3197      -1563      -3659      878.3      464.5       1117      910.7       1397     -104.8      413.5     -162.1       1502     -737.2      448.4     -22.61       2185      950.5     -620.8      708.8       2268      549.5      195.4        563      511.5        154      189.6     -698.3     -575.2      75.26      -2062      35.92     -559.4      800.4      -1567     -927.3      -1263       2108       1072      569.1       1468      918.9       2216        947       2351     -637.3       42.1     -649.2     -160.7       1328      109.2       1611        846
      554.8     -935.9      -1112      769.7     -481.9      -2003      -1080      -1396      -1164      -2092      -2885 -1.436e+04 -7.961e+04 -1.204e+04      -1830       7857       3590       -222      865.8      376.4     -543.4      -1603       1219       1455      -3075      -2059      730.6     -696.1       1005       2564       1338      -3541       3155     -373.5       1909      549.8       2391     -839.3     -295.5      736.7      564.6       2499      480.1     -466.6      384.1     -807.4       1402       -149       2308      891.6     -323.8      300.4       2633       1164       3083       1007       4647       2054       1235       1793     -306.8      460.3      735.9      137.7       1272       1514       3123       2878      109.7     -876.4       2709      -1459      264.5       1183      247.6      371.8      288.9      219.2      384.4      541.1     -372.5      439.8      557.9     -676.1      356.2     -18.67      341.6      48.14     -94.96      -1592      479.8      -1893      707.5     -798.5       1360      813.6     -306.7       -482       1309     -247.7      582.4      521.6      232.1      494.8       1056
      -1293        315      -1098      88.07      -1393     -112.8      302.2     -166.3      -2971      -1495      -1411      -2658 -1.204e+04 -7.625e+04      662.9       1376      445.3      832.2       2164      188.6     -740.6       1262      437.5      430.5       1083     -827.5     -186.7      -2670      -2115      348.5      -2126     -967.8       3751     -355.4     -531.9      -1498       1449      150.1      -1121        270       1278       2886      620.3     -594.7      127.7      360.4       -327      267.7     -195.1     -654.1      3.275      150.3       2847       4712       4336       2590       1037       1099       1573      529.1      226.9      909.3      930.4      377.7      251.5       4077       1060       2602       -185     -102.9       2186     -717.3      312.4       1805       1668      197.3      449.8      697.3      157.6      166.6     -20.01      605.6       3609      948.6       1572      729.3      105.2       3579       5170       5507      316.2       2189       1071       1035       5193      82.49       2096      806.7       1372       1118       2053      89.78       -629      353.2        115
      -1682       -542      -4162      -3195 -1.531e+04 -3.831e+04 -1.438e+04      -2942      -7429      -1599      -1615      -1348      -1830      662.9 -2.395e+05 -2.298e+04 -1.487e+04      -5904 -1.543e+04      -2448      -1273     -9.488      -7513      -3806       5755     -679.3       1990      407.6      470.2       2937      -2250      713.9       8839       2093       1342       7627       4156     -809.6       3002 -1.254e+04 -1.469e+04 -1.004e+04      -2428      -6920      -1470      -2167      -5338      -1534      -3169      -3196      -1545      -1647 -1.161e+04      -4892      -4267      -7341      -9284      -4602       1638      -1502     -550.6      -2140       2989     -160.8      754.4      -4719      -3524      -2681     -372.2      -1830      -3111      318.9      -3273       1034      -1712      -1021       1163     -381.6     -70.24      927.6      -4894       1097  -1.17e+04      227.9      -9725     -846.6 -1.068e+04      -2833      -6626      -3900     -44.32      514.3       1872       1548      -4179       2985       1350       2532       1018      156.2      -5039      -1587      177.2       1721       2482
       2253     -666.3      96.35      -1435       -811 -1.039e+04      -7672      -6220      -8436       2043       4434     -999.5       7857       1376 -2.298e+04 -7.158e+05 -6.886e+04 -1.119e+04 -2.571e+04      -6643      -1430       3134 -1.722e+04      -2180      -5157       5628      -2791      -9878      -6583      -1262      121.4  2.128e+04      -4672       1163      -4477      -1676       2270       3639     -338.9 -5.777e+04 -3.727e+04 -1.275e+04      -5131      -6418      -3326       2331      -7770      -2950      -2729      -3074      -1305      213.5 -5.731e+04 -2.898e+04 -1.955e+04 -2.176e+04      -8080      -6697     -346.6  -1.26e+04      -4275     -705.8      -3832      -1112      -5658 -1.344e+04      -8627      -9920      -2567     -428.4      -4352     -265.5      -1706       1134      642.2      303.5      695.9      -2342      872.3      823.6 -1.326e+04      -2991      -7913       2224      -9253      -4359 -1.247e+04 -1.286e+04  -1.56e+04      -2502      501.7      -4645      -3147       2506   1.11e+04       4383       5234       3210     -156.7       1157       1717      -1098      -1512     -135.5       1938
       1698       2188        684      -2292       4066 -1.566e+04      -5239      -2133      -6177       1738      -2026      -2803       3590      445.3 -1.487e+04 -6.886e+04 -5.129e+05 -1.321e+04 -5.502e+04       -589       2565       1968 -1.991e+04      -7889 -2.092e+04     -629.1      -8857      625.4      -6074      -8649 -1.024e+04       5415      -5455       2292       3105      752.6      985.3       2561      -4265 -3.049e+04 -1.357e+04      -6364      35.37      -1850      -1598      -1347      -6744      -1340       -816      -4140        569      -1657 -2.318e+04 -2.143e+04 -2.467e+04      -5976      -8166      -9537      659.9      -6600       1048      -2350      -8096       3279     -416.5 -1.014e+04 -1.663e+04      -7928       1512       2065      -2213      740.8       2287      367.3      -3736     -351.8      880.3      -2068       2113     -305.8 -1.611e+04      -3766 -2.204e+04     -510.2 -1.582e+04     -307.1 -1.827e+04 -1.769e+04      -8429 -1.176e+04     -592.6     -536.9      43.12      -2221       1528       2800       1998       1682      998.9      -2250      -3142     -519.1       1299     -846.1       1796
      760.5     -9.723      254.2      467.4      -1205      -7575      -3795      -1733      -4696      -2237      -3794     -567.2       -222      832.2      -5904 -1.119e+04 -1.321e+04 -7.383e+04      427.2     -248.9     -108.2       1307      -1948      296.2     -432.6      -2205      572.1      -2469      -2408      -5315       2020      -1459      -1102       2934      -3298     -338.8      239.5     -596.9     -241.1      -6182      -7486      -3583      -3371      891.5      -1647      -1477      -3436      -2934      -3043      571.4      631.8     -475.4      -6667      -9152 -1.085e+04 -1.249e+04      -5132      -4130      -2258      -3798      -2085     -282.8       -838       1762     -851.2      -5458      -5862      -2902     -639.2       1032      -5419      -2117      -1515     -259.5      406.7      164.8        461     -556.2     -208.8      635.6      -4111      -1730      -4536      664.9      -7112     -454.6      -5512       1811      -3264       1435      236.3       3486       3414     -132.5       1967       1510      155.9       1410      744.1     -123.2     -212.8     -755.4       1289      774.3       2622
     -958.2     -39.37      -1797     -326.9      -2950      -5308      -1574       -429      -1463      -1636       1440      -3817      865.8       2164 -1.543e+04 -2.571e+04 -5.502e+04      427.2 -3.223e+05      -6555      -1063     -455.8 -4.034e+04  -1.14e+04      -2233      -1298      -4750      -8619      -4446      -1479  1.348e+04       4755 -1.221e+04       2901     -484.8      -2390      -3387      -2091       1397 -1.651e+04 -1.246e+04      -8269      282.4      -4998     -913.9      -1779      -3135     -161.4      321.2      -4321     -945.8      -1680  -2.49e+04      -9948 -1.379e+04 -1.872e+04      -5957      -4621       2064      -4468       3685      -3563      -1594     -350.9       1535      -6601       1009       1506       1478       1459     -794.8        239      -1378      -1281      618.3       1313       1663     -949.6      980.9       1825 -1.745e+04     -257.4 -1.289e+04      379.9      -7809      -3014  -1.02e+04  -2.75e+04      -6986      -7512      -1710      -1445      -4044       3820       3037       4448       2021     -583.7     -245.7       22.2      -3978     -418.6      -2376       1187       1605
     -964.5      282.1      -2029       -368      -5527      -1818     -504.8      995.8      -1419     -461.4      501.7      -2999      376.4      188.6      -2448      -6643       -589     -248.9      -6555 -7.581e+04      -6081      -3645      24.38     -421.4      969.7     -698.8     -243.6      143.5      882.5     -506.9       4553       8626       4455       2623       1074       1642       1420     -572.2      689.2     -804.2      6.795      -2411      573.7      -3955     -802.1     -691.2      -1490     -855.2     -70.63     -998.2     -585.5     -275.2      -4400      -7479      -6281      -3025      -1103     -478.4     -195.1      -1912      80.23     -255.2     -950.6     -400.3     -872.1      -4296      -2672     -133.8      738.7      -1557      -2039     -110.6      601.7        158       -691      94.29     -170.9     -465.5       1128      163.8      -5710     -577.7      -2987      73.49      -4729      692.6     -655.2      -2620      -2561     -999.7      603.3       1824      430.9       1056     -880.2       1280      748.8      423.7     -456.4      589.8      -1001      111.7       1342      238.7       1462
     -68.75      334.8      163.7     -79.94     -631.1      450.6      -1563      860.3     -723.9      -1295      -2158      -1048     -543.4     -740.6      -1273      -1430       2565     -108.2      -1063      -6081 -8.143e+04      -8165     -462.5     -811.2      -2892      -3422       1029       1422      -1756       3923      -3122      78.97       4881      -1679     -446.4      -1747       1422      -1683       -859        623      316.3       1995      -1327      931.9       -683      273.1     -804.7       1050      -2129       1204     -3.817      404.1       3592     -560.4      -2188       2434      455.9      503.2      915.4     -215.8        275     -311.5     -76.85     -255.7      -1305       1272       1387       3266      -1398     -325.4       1110     -566.4      -1273      230.3      464.6      765.6      264.2      137.6     -601.1     -355.1      -1779     -384.5        741      977.2     -679.1     -726.9     -128.4       3666       1718     -399.6      871.2       3452      559.7     -549.2      -1408      456.4     -327.9      57.81       1334      448.7       2931     -220.1       1546      59.86       2027
     -490.4       -851     -206.2      349.9      940.8      490.4       2682        347     -27.41      -1453     -891.9      -1418      -1603       1262     -9.488       3134       1968       1307     -455.8      -3645      -8165 -7.208e+04      56.99      990.2      -2582      -1587     -83.83      699.9      -1757      689.4      -3073      -2144       2502       1365      812.2     -970.5     -615.2      -1958      -1990       3269       1408       1017     -345.3      386.8     -532.5     -235.1      610.9      899.1       1648     -488.8     -758.8      60.11       3324       1210       3179       3675       2817       2719     -264.5      -1032      -2181      122.2      899.5       1752     -254.3      532.9      -2211       2658     -77.34     -210.1       1280     -299.6      -1966        376        671      608.6      747.5      -1281      7.744      -1061       4714       1039       3665      202.3      178.9      394.1       1158      -3605      280.9       1956     -527.5     -593.8      981.7      410.9      262.8       1726      524.9     -585.3     -487.8     -5.417       1150     -363.3       1001      301.8       -455
      -1131     -91.68      755.3     -224.9      466.2      -7741      -9115      -3277      -2526      751.5      -1445      -1377       1219      437.5      -7513 -1.722e+04 -1.991e+04      -1948 -4.034e+04      24.38     -462.5      56.99 -1.627e+05 -1.552e+04      -6812      -4088 -1.254e+04      -8650      -3269      -5687        192       2437       5030       3594      -5472     -502.7       -439     -990.7     -774.1      -9602      -9809      -4063      -1684      -1094       -604      245.4      -6197      -3231      -2852      -3238      591.7      -1440 -1.441e+04      -9518 -1.087e+04      -6667      -9633      -5967      -1340     -659.8      -35.8     -702.8     -888.4       2810     -680.5      -5713      -3169      -2032     -266.4      677.4      -2525      398.5      -1581      -1868      -1431      622.1      443.8     -325.3       1031       1325      -9797      19.33      -6081      40.34      -9601     -681.5 -1.089e+04      -2251      -3060      -6172     -529.6      -1509     -500.3       2812      52.97       3431       1863       1160      138.7       -867      -1583     -549.9      -3608       2377      504.1
       1043      447.8      -2700       -432      -5003       1310      -1174       1128     -355.4       1382       3850       2282       1455      430.5      -3806      -2180      -7889      296.2  -1.14e+04     -421.4     -811.2      990.2 -1.552e+04 -2.782e+05 -4.931e+04 -1.591e+04 -2.382e+04  -2.22e+04 -1.818e+04 -2.021e+04 -1.349e+04 -1.757e+04  -1.95e+04      -6372 -1.544e+04      -2321 -2.586e+04       -242 -1.059e+04       4453      -2510      359.5      121.8       3253       -357       3681      -3386      498.8      -3138      941.9       1174      290.2       3698      -2437       2103     -747.3      -4607      -4787      -1205      606.1       1229      62.71      -4441      -1314      -1527      -6081       1791       1253       3505       3357       2611       2812      -2438       1241      -2057      526.3       1464     -486.8     -2.681       1544      -9632     -652.1 -1.003e+04       1162      -8734     -137.5      -4280       7440       3277       5494      239.2       4127       6189     -121.7      -3330     -22.75      -1783       -822       1078      98.51     -588.4     -241.4       1994     -875.2       1224
       2390      -1066     -927.6      918.5       3201       1582       7278       -965       1244       1556      -6893       5252      -3075       1083       5755      -5157 -2.092e+04     -432.6      -2233      969.7      -2892      -2582      -6812 -4.931e+04  -7.42e+05  -2.21e+04 -5.102e+04 -3.019e+04 -3.266e+04 -3.781e+04 -3.049e+04 -2.492e+04  -2.67e+04      -5549 -1.829e+04 -4.379e+04 -1.533e+04      -6098 -1.381e+04     -67.16       2318       -480      -1300       2326      -1123      -1132       2384      -2320      -4995     -382.4       2437      -2641      -4053      -9600  1.125e+04      -1096      -9649      -4824      -6700      -1597      -3977      56.23      -3530      751.7      -4366      -1246      -1158  1.023e+04     -96.33       1674       2614     -894.4      -5042      309.1       1908        980       1935       1285      -2678       3501      -3073     -235.5      -1704       1550       4015      730.2       2590      -3811      563.5      -1402      52.55      -3555       3138      -2547      -3478     -694.4       2778       2796      372.3     -13.09     -96.11      -1517       5336       4051     -971.1
       1433       1309       3333      630.5       1442      593.1       2059      816.2       1823      -1519      -1779       2160      -2059     -827.5     -679.3       5628     -629.1      -2205      -1298     -698.8      -3422      -1587      -4088 -1.591e+04  -2.21e+04 -2.414e+05 -5.073e+04 -2.095e+04 -2.096e+04  -2.32e+04 -3.478e+04   -2.2e+04 -3.052e+04 -1.081e+04 -2.412e+04 -1.898e+04      -8317      -9069 -1.337e+04      -2886      545.9     -345.1      -2671      -1533      -1237      -1306      -2048      -5614      -3722      -1994      597.9     -389.1       4856       6261       6309     -286.4     -717.8     -690.5       1281     -306.5     -273.3     -106.1       -553     -957.8      -4071      -3220      -4995      -2442     -20.11       1182       1112      -1340     -385.6       -979       2172       2252      113.5      230.6     -955.5      -1231      -3350      -1003      868.4       2338      -1136     -686.2       4029      -2743       4616      -5868      -2761      -7712      -1323      -6855      -5654     -686.8      -4689      -1099      -1741      191.1       2817      681.3        605     -121.6      -1691
       2415       3735      941.6       2567     -23.08      -2195      -2566      -1888      -4261       5618       3653       2736      730.6     -186.7       1990      -2791      -8857      572.1      -4750     -243.6       1029     -83.83 -1.254e+04 -2.382e+04 -5.102e+04 -5.073e+04 -6.417e+05 -4.943e+04 -4.275e+04 -4.999e+04 -4.636e+04 -4.493e+04 -7.953e+04 -1.486e+04 -3.357e+04 -2.265e+04 -1.507e+04      -4557 -1.469e+04      -7974      149.3      606.9      -2717       3871     -597.8       1783      -1102      -3966      -3222     -123.2       1503      -1237      -2826      -1451 -1.133e+04      -7262      -5264 -1.765e+04      -3326      -2059      -3615     -507.2     -768.6       3462      -2653      -1554      -5559      -4008       3480       3198      759.6     -388.9      -2176        830     -520.6       -982       2722       1127      -1735      -2895 -1.018e+04     -335.5      -8882       2376      -4985       -583      -5275 -1.073e+04      -6607      -9239     -77.53      585.1       3300      -5916      -6721      -3482      -1660      -1744       1283      -4507      -7797       3469       1852      557.7     -956.2
       2783      199.2       3817       1138       6949     -322.1      -1432       7396      -5552      -4456       2018       3135     -696.1      -2670      407.6      -9878      625.4      -2469      -8619      143.5       1422      699.9      -8650  -2.22e+04 -3.019e+04 -2.095e+04 -4.943e+04 -6.537e+05 -7.054e+04 -4.779e+04  -5.28e+04 -3.874e+04 -5.197e+04 -1.543e+04 -4.424e+04 -1.868e+04 -1.353e+04      -8140 -1.028e+04      -6057      -2898      -1304      845.4      482.8      -2190        549      -2355      -2725      -6081       1863       1638     -986.2       4112       6204       3814      293.3      -3682 -1.083e+04      -3915      -5984      -1907     -383.2      -2388      -2477      -6748      89.53     -79.82      -1868       3701       3557      -5951      -3729      -6716      429.6       2017      477.2     -353.9      588.7      -2819      -3675      -9596      444.8       6475      756.5       9396      -1614       7563       4322      -1797     -645.1       3024       8036       7554      -4267     -587.2      -2778       5304     -794.5     -349.3      -2074       1781       1874       2341      -1273       2336
     -816.2        191      -1408      -1587      -3128       3900       -839       1122      -4469      508.5       3127      505.6       1005      -2115      470.2      -6583      -6074      -2408      -4446      882.5      -1756      -1757      -3269 -1.818e+04 -3.266e+04 -2.096e+04 -4.275e+04 -7.054e+04 -5.019e+05 -7.525e+04 -4.159e+04 -7.532e+04 -6.056e+04 -1.832e+04 -3.277e+04 -1.591e+04 -1.065e+04      -6018 -1.288e+04     -107.8      -3109      -1259      337.6       4395      119.8       2301      -4933      -2587      -4897      406.7      349.5     -302.1      -1189       3431  1.096e+04  1.118e+04       1806      -5494       1431      -4769      -3832     -402.2      821.5      -2585       -553       1106     -470.6      -2963       1329       1055       5011      -3058      -4906     -90.49     -62.16      -1218      680.1      979.5      -3082      -2075      464.3      -2677       3703       2447       4702      -1471       8591       1033       1070      -8070      -1731       1435       6983      -5681      -6889      -4379        213       2446     -707.1     -132.2     -499.4      -3020       1850      -1697      -1787
       1073     -612.2       2639     -65.67       6057       2082     -848.4       7100      -9413      -2204      -2924       2368       2564      348.5       2937      -1262      -8649      -5315      -1479     -506.9       3923      689.4      -5687 -2.021e+04 -3.781e+04  -2.32e+04 -4.999e+04 -4.779e+04 -7.525e+04 -8.069e+05 -1.874e+05 -5.197e+04 -5.583e+04 -3.212e+04 -3.328e+04 -2.426e+04 -1.972e+04      -9125 -1.427e+04      32.62      -9564       5369      -2542       4700      -1502       2452      -2613 -1.088e+04 -1.064e+04       2604       1718      834.6       5649      -4476      -4004       2534       5791      -9168      -5074      -6125      -1756       1787      -7165      -4700      -8014      -4754      -3582        192       1537       4091      -3522      883.4      -3665      -2900      -3383       2045      557.9       1596     -949.9     -762.8       -815     -802.6      861.1      688.8       3278     -284.8       1385       1967      171.1      -7926      -3597       2456       5897      -2902 -1.205e+04      -7741      -8473     -308.7      -1448      -4131      -2249       1733       2608      -2334      411.6
       -294       1665       3629       2299       2441       6215     -740.8       3322       2478      -3290      -5993       4593       1338      -2126      -2250      121.4 -1.024e+04       2020  1.348e+04       4553      -3122      -3073        192 -1.349e+04 -3.049e+04 -3.478e+04 -4.636e+04  -5.28e+04 -4.159e+04 -1.874e+05 -8.502e+05  -8.62e+04  -7.37e+04 -4.417e+04 -3.504e+04 -1.558e+04 -1.596e+04 -1.003e+04 -2.226e+04      -1869     -596.6       4408      432.3      -2059      -1108      572.1      -7205      -6295      -4743      -3099       1719      253.7       9167      -3534      -3338       3368       4779      -9822      -1875      -1947      -2751      812.1      41.25      -8173      -3914       2823      -3351      -2001      -5956      402.4      -4342      -7825      -5921      -3280      957.4      405.6       1279        264      -2421      -2514     -95.19     -964.6      -2277       1667       2380     -681.6       1803      -3151       -261      -8522      -2851      -4285      500.3      -8995 -1.619e+04      -6250 -1.163e+04      -1274      -2338      -1151      -5127      -1039      -2739      -1807      -2476
      -2080      -1802       1583      -3114       2043      -9009      -3800      -8068      -2186      -9246      -5791       3489      -3541     -967.8      713.9  2.128e+04       5415      -1459       4755       8626      78.97      -2144       2437 -1.757e+04 -2.492e+04   -2.2e+04 -4.493e+04 -3.874e+04 -7.532e+04 -5.197e+04  -8.62e+04 -2.036e+06 -2.916e+05 -3.986e+04 -4.894e+04 -3.358e+04 -3.144e+04 -1.506e+04 -2.025e+04      -2309      -6608       -214      -4706      -4651      -4583     -283.7      -6698      -2396      -8080       1995       4018      -3244       9520  1.659e+04       8426       8359       3846 -1.521e+04      -5951      -7269      -4940      -4152     -756.6      -3977       1689  1.176e+04  1.099e+04       6267       3873       7331      -4200 -1.075e+04       3932      -1460      -3261      186.7      -2453      -1763      -1323       1287      919.8      -1139 -1.587e+04      92.77      -3750      -4366 -1.367e+04  1.296e+04       6570      -6221     -21.87      -4658       1829      -4817 -1.338e+04      -9981 -1.076e+04      -5560       1268       2885      -9366       -794       2484      -9992      -5354
       5565      397.9       3573     -436.8       8407 -1.182e+04       2012      -2931      -4174      -2807      -3836       5430       3155       3751       8839      -4672      -5455      -1102 -1.221e+04       4455       4881       2502       5030  -1.95e+04  -2.67e+04 -3.052e+04 -7.953e+04 -5.197e+04 -6.056e+04 -5.583e+04  -7.37e+04 -2.916e+05   -1.6e+06 -3.435e+04 -4.278e+04 -2.826e+04 -1.518e+04 -1.121e+04      -6087      -9564      -1899      -4874     -281.7       3915      -1046     -986.8      -7595 -1.062e+04 -1.288e+04      42.63       2001      -1227      -2862       1946 -2.712e+04  1.086e+04      -7511 -1.297e+04      -2427      -8985      -4979      -2951       2176      -5046      -1614       2191      -5785 -1.266e+04      677.9       5908      -3016      -1808     -624.3       3045       2574       7913       1096       1259      -1407      -4158       7153      -4424       7603       3417       6773      -5052 -1.269e+04  1.202e+04       5211      555.8       5394      752.2 -1.093e+04      -7543       3614      -7740      -5435      -3124      451.8      -1879      -9637       3298      -7348      -9946       2232
       3270      -1214       1144      627.1       5507       3187       1865       1043     -60.44      -2980      -3460      -1005     -373.5     -355.4       2093       1163       2292       2934       2901       2623      -1679       1365       3594      -6372      -5549 -1.081e+04 -1.486e+04 -1.543e+04 -1.832e+04 -3.212e+04 -4.417e+04 -3.986e+04 -3.435e+04 -3.183e+05  -1.91e+04 -1.047e+04      -6571      -2979      -6783       1374       2193       3917     -869.8       1800      244.9      889.3       2877       1817       1462       1447       1190       -181       7519     -406.3      -1864       3973       5863       2443       2365       5696       2590       2334       4573      -4056     -952.6       3254       5918       3152       2342       1338       6412      -1656      -1248      575.6      704.3      886.3      597.7       1811      -2482     -900.1       4479      126.6       5997       2333       5414      -1010       2629       6136       7313       1299     -42.29       3965       2901      -2209      -3290        893      595.8       1555       2688      -1403       5410       1402       3694     -938.8      -5098
      541.3       1093       2704      150.8       1385      -2193      -1966      -1481      -1543       1078      -1688      477.6       1909     -531.9       1342      -4477       3105      -3298     -484.8       1074     -446.4      812.2      -5472 -1.544e+04 -1.829e+04 -2.412e+04 -3.357e+04 -4.424e+04 -3.277e+04 -3.328e+04 -3.504e+04 -4.894e+04 -4.278e+04  -1.91e+04 -2.909e+05 -1.927e+04 -2.046e+04      -6585 -1.636e+04      -2240       2214      -2565      -2145      -2351     -343.1      -1568      229.3      431.2     -549.9      266.5      921.4      -1518      -1055      -2385      -6101       7771      -3519      -3925      50.55      -2856      -2946        183      -1181      -1813      -4191       2271       1346      -1190      -2087       2733      -3868      -4498      -3316      -1055      98.86      928.3      858.7       1708     -204.1     -375.4     -771.8     -753.9     -407.1       1066        532      -1084       5063       6781      640.2      -4142      -1640       1181       1685      -5307      -2964      -1035      -2063     -221.3      38.43      60.69      -1951       1633       2148     -640.5      5.097
      506.5     -308.6       1732     -43.23      657.4       5794       4928      -1025      -1429      -1367      -4798       1129      549.8      -1498       7627      -1676      752.6     -338.8      -2390       1642      -1747     -970.5     -502.7      -2321 -4.379e+04 -1.898e+04 -2.265e+04 -1.868e+04 -1.591e+04 -2.426e+04 -1.558e+04 -3.358e+04 -2.826e+04 -1.047e+04 -1.927e+04 -1.742e+05      -5846      -6215 -1.022e+04       4038     -241.7      -1223      -3509      -2452      -1783      -2509      -2987      -4139      -5398      261.4      640.1     -509.1     -856.7       2209       1553       4045      -1996       2183      371.8      -1225      -2146      -1060     -827.9      112.8      -4748       1287      -2374     -765.1     -124.2     -388.7      177.3      -1319      -1928     -472.1       2373       1184       1357       1360     -107.5     -861.8       4836      224.2       7006       1651       4186      -2050       5420       4830       1637      -7049        302     -639.4       1636      -2241       -469     -386.2      188.6      961.2        314     -928.2       2579      290.6       1340      -3025     -465.7
      -1643      22.78      -1561       1938       3250       5669       2384     -190.5       61.3       1660     -455.9       2037       2391       1449       4156       2270      985.3      239.5      -3387       1420       1422     -615.2       -439 -2.586e+04 -1.533e+04      -8317 -1.507e+04 -1.353e+04 -1.065e+04 -1.972e+04 -1.596e+04 -3.144e+04 -1.518e+04      -6571 -2.046e+04      -5846 -2.112e+05 -1.158e+04 -4.643e+04       3656     -159.8      -1938      282.8        168      849.7      -1916     -32.13      471.1       1272       1144       1262      476.4       1205     -289.8       3800      354.5       2097      -4598      126.4       -704     -153.8      325.5      -1031     -8.776      793.1       3298       1251      221.3       2080       2392       1098      287.7       2036      189.1       2699       1461       1148     -36.42      410.6      -1584      -4329      878.8      -8169      500.7      -1440      650.2      902.5       -830      -5520      -1053      -2322      -3094     -201.8      -5182     -483.2      -2810      -1884      -1108      -1538      167.1      -4155      321.9      -2538      27.68      -2532
      560.4      54.26       1789      777.7       1515       3214       2510        288       1247      305.7     -719.8       1546     -839.3      150.1     -809.6       3639       2561     -596.9      -2091     -572.2      -1683      -1958     -990.7       -242      -6098      -9069      -4557      -8140      -6018      -9125 -1.003e+04 -1.506e+04 -1.121e+04      -2979      -6585      -6215 -1.158e+04 -6.861e+04      -6418     -459.6       1269       1561     -881.2     -18.83     -155.9      455.8      414.9      314.3     -559.1      -99.3      761.1      -1280       2410       1163       1066     -261.6       1649      -3279      326.3       -836     -123.6     -994.1      272.5      633.6      356.2       2508       1546       2337     -173.8     -772.6       1826     -377.2      -1640     -737.7      902.9       1120       -179      649.7     -277.6       -127     -665.3      575.2      -1097      370.1      -3105     -753.6      -1853     -680.3      448.6       3085     -173.6       2296      307.5      -1665      -1600      -1135     -896.9      603.6      62.86      -1020       1628       -463      -1838      -1882      584.4
     -475.3     -612.6       1099      690.2       4384       1592      -1723     -883.2       1560      3.251      -1518       2174     -295.5      -1121       3002     -338.9      -4265     -241.1       1397      689.2       -859      -1990     -774.1 -1.059e+04 -1.381e+04 -1.337e+04 -1.469e+04 -1.028e+04 -1.288e+04 -1.427e+04 -2.226e+04 -2.025e+04      -6087      -6783 -1.636e+04 -1.022e+04 -4.643e+04      -6418 -1.569e+05       3307      317.8      716.4      -2024      285.6       -460      -1297      -1566     -919.6      -1379       1558       1091     -95.33       4619      13.79       1577      -1699       1604      -4396      -1942      793.9     -666.5     -495.3      347.9     -979.9      -2345       5880       1010       2640      782.1      993.1       2540      -2407      -1224      137.9      636.4      17.79     -410.4     -188.4       1131      -1282      3.914      539.7      26.27      433.2      34.79     -213.5       2458     -53.15      -1649      -5737      -2229     -968.5     -458.2      -5938      -4261      -2513      -1259       -129     -209.5      -2627       1340      -1122       1478      -1184      -1585
      -1427        550      -2755     -853.8      -4209      -3756      -7572      -3652 -1.029e+04       3557       5043      -1092      736.7        270 -1.254e+04 -5.777e+04 -3.049e+04      -6182 -1.651e+04     -804.2        623       3269      -9602       4453     -67.16      -2886      -7974      -6057     -107.8      32.62      -1869      -2309      -9564       1374      -2240       4038       3656     -459.6       3307 -4.806e+05 -1.608e+05 -1.865e+04      -4024      -4555      -3356      -4671 -1.969e+04      -2754      -9086      -9841      640.6      -5028 -2.149e+04 -2.298e+04 -1.126e+04 -2.089e+04      -4314      52.01     -520.8      -1715     -891.4      -1567       1594      442.4      -2905 -1.146e+04      -9062      -9643      -1525      -1215      -6702      -4704     -717.5     -411.6      369.8      265.4      145.4     -189.5       2422      -3865  -2.16e+04      -3946 -1.475e+04       2043 -1.317e+04      -1528      -5162       1023      687.6      -1864      -1135      -2334      -1221       1443       4605       4281      -1692       2082     -803.3      -1821      -4682      251.2      -4138       2043       1942
      -2867     -779.4      -5060      -1802      -8991      -9505 -1.113e+04      -3480      -4119      498.5      -1722      954.6      564.6       1278 -1.469e+04 -3.727e+04 -1.357e+04      -7486 -1.246e+04      6.795      316.3       1408      -9809      -2510       2318      545.9      149.3      -2898      -3109      -9564     -596.6      -6608      -1899       2193       2214     -241.7     -159.8       1269      317.8 -1.608e+05 -2.977e+05 -1.626e+04      -3156      -3961      -4587      -4135  -2.09e+04      -4934 -1.109e+04      441.2       1318     -378.7 -2.122e+04      -8078 -1.083e+04 -1.877e+04      -8541       1233     -474.4     -157.7      -2260      -1381       1781      904.2      415.1      -7364 -1.165e+04     -891.3      463.5     -139.2      -6867      -2007      -3490     -213.2      -3487     -323.1      580.6      194.9      76.94      -2293      -9624      -1953      -7509       1517      -5064      -2750      -6521       3043     -197.1     -314.7      -2621       3348     -989.5     -348.9       5211       1241     -374.5     -673.3     -16.92     -567.4      -4064       1239      -4723      856.9      79.08
     -169.8      -1420      -1074      -1231      -3146      -4776      -7222     -519.7    -0.6238       2176     -64.37      -2223       2499       2886 -1.004e+04 -1.275e+04      -6364      -3583      -8269      -2411       1995       1017      -4063      359.5       -480     -345.1      606.9      -1304      -1259       5369       4408       -214      -4874       3917      -2565      -1223      -1938       1561      716.4 -1.865e+04 -1.626e+04 -1.477e+05 -1.171e+04 -3.435e+04      -3027 -1.937e+04     -502.6      -2053      379.4      786.1      327.7      242.8      -6382       7012     -858.7      -7692      -5779      -1271      -2431     -12.66     -287.1      -1036     -42.76      -1469      235.8      -5745      -2903       1825      36.36     -260.1      -1229      486.1      819.5      18.51      -1282      54.13      458.5      -1248       1493       1566      -8530     -473.9      -4688      186.9      -3351      -1929      -2248      -3816      -5115     -323.7      71.94      620.9       3405       1699       3189       1064       1994       1658       2434     -915.9      -2980     -284.5       1780       2412       1248
      414.1     -481.8     -616.1      82.84     -771.2      -2109     -909.8      -1731     -48.64      -2691      -3362     -25.48      480.1      620.3      -2428      -5131      35.37      -3371      282.4      573.7      -1327     -345.3      -1684      121.8      -1300      -2671      -2717      845.4      337.6      -2542      432.3      -4706     -281.7     -869.8      -2145      -3509      282.8     -881.2      -2024      -4024      -3156 -1.171e+04   -6.4e+04      -6548      -1515      -4679      -3419      -1619      -2816     -940.7      28.85      -1004      -2713      -1206      -1337     -408.4      767.5      -1022     -247.6     -377.2      -1092     -417.8       1435      935.9       1511      -1836      -3208      -1318      -1183     -328.7      -1367      173.4      220.3     -448.2      414.1      526.8      368.8        362      470.8      371.9      -1428     -720.1     -330.1      922.1     -708.2     -55.53        916      -2766     -146.7       1590       1059     -195.9       1959      130.8       2145      32.15       2312      564.3        499     -94.69     -571.4       -615     -84.32      859.2       1021
     -918.8      -1157       -949     -275.1      -1039     -643.7      117.5      958.6     -782.9      934.2      -2746     -875.6     -466.6     -594.7      -6920      -6418      -1850      891.5      -4998      -3955      931.9      386.8      -1094       3253       2326      -1533       3871      482.8       4395       4700      -2059      -4651       3915       1800      -2351      -2452        168     -18.83      285.6      -4555      -3961 -3.435e+04      -6548 -1.813e+05 -1.127e+04 -4.285e+04       1365     -514.5      221.5      553.6      109.9     -941.5      -1154       3026      -4208      -1081     -730.6      861.7      918.7      -5455      -2513     -883.2       1757     -444.1      -1786      -3863      -3315      -1622      804.7       1146     -788.1       1897      878.7     -188.9       1115       1021     -88.48     -505.3       2039       1839      -1877      928.1        437      951.3     -78.23     -86.11       2588       3008       5248      -1807       1166      -1348      637.1       1517      318.7       1715      294.6       -939       2159     -70.01      -1865        379      392.5      481.5       -858
       -601     -828.9      443.7     -79.23      195.9      -1452        886      -1231     -189.7     -493.9      -2643      207.4      384.1      127.7      -1470      -3326      -1598      -1647     -913.9     -802.1       -683     -532.5       -604       -357      -1123      -1237     -597.8      -2190      119.8      -1502      -1108      -4583      -1046      244.9     -343.1      -1783      849.7     -155.9       -460      -3356      -4587      -3027      -1515 -1.127e+04 -3.495e+04      -1428      -1963      -2771     -849.7     -270.8      1.612     -861.4      -2131       1650      -4365      -2761      7.311       1506       1154     -74.91       2.59     -904.9      -1295     -232.9     -821.1     -801.1      -1232       -137     -169.4      -1860     -421.7      -1564      -1158      37.04     -201.3      49.11     -26.37       -338      340.6      237.2      -2497     -653.5      393.1     -35.79     -994.4     -39.34       1807      399.7       -384      -1084     -50.74      765.1     -88.52      -1230      356.5       1068       40.4      101.2     -220.1     -583.3     -71.63     -48.38       -677     -236.3      405.9
     -24.86      554.8     -127.4      489.4     -970.2     -680.3       1078      695.7      -1716      458.2      -2758     -224.4     -807.4      360.4      -2167       2331      -1347      -1477      -1779     -691.2      273.1     -235.1      245.4       3681      -1132      -1306       1783        549       2301       2452      572.1     -283.7     -986.8      889.3      -1568      -2509      -1916      455.8      -1297      -4671      -4135 -1.937e+04      -4679 -4.285e+04      -1428 -6.878e+04     -296.9       -386      -1275       -211         30     -750.2      674.5       2264       1830      747.1      -1304      -3433      55.02     -510.5      -1373      -1102        809      925.5     -316.8      54.92      507.1     -542.7     -915.6      332.9     -100.6       1508     -160.6     -103.3      654.7      607.2      579.9      454.4     -81.13      240.4       2403      529.4       2628       1247        493     -418.5      767.7       2884       2019      -1025      443.3     -910.4      252.5      509.8       4847       1252       1399     -317.9        132        829      -1009       -341       1053        878      495.7
      385.4      225.1     -809.4     -635.4      -2441      -2152      -2203     -880.1      -4018     -827.1      -1512      964.1       1402       -327      -5338      -7770      -6744      -3436      -3135      -1490     -804.7      610.9      -6197      -3386       2384      -2048      -1102      -2355      -4933      -2613      -7205      -6698      -7595       2877      229.3      -2987     -32.13      414.9      -1566 -1.969e+04  -2.09e+04     -502.6      -3419       1365      -1963     -296.9 -1.215e+05      -7665 -4.513e+04     -38.22      909.2     -250.8      -5935      -9917      -9121      -8878 -1.046e+04      -4283      -2149      -1403      -2074     -115.9      -2053      632.4     -997.4      -4371      -6113      -1388      -1311      284.9      -5474     -953.4     -152.7     -237.4      819.5       1207      690.9      443.7       1520       1318      -5481      -1535      -2870       1654      -7092     -883.9      -1795       5149     -12.64       2806       1186       2362      640.2     -409.8     -273.3      544.7     -768.1       1164       1491       -446      -1267      -1366     -223.2     -238.5        788
      -1021      -1051      -1174     -84.63      -1137     -965.3       -789      -2784      -2474      -1238      -1872      -2212       -149      267.7      -1534      -2950      -1340      -2934     -161.4     -855.2       1050      899.1      -3231      498.8      -2320      -5614      -3966      -2725      -2587 -1.088e+04      -6295      -2396 -1.062e+04       1817      431.2      -4139      471.1      314.3     -919.6      -2754      -4934      -2053      -1619     -514.5      -2771       -386      -7665 -8.952e+04      -9532      197.8      85.49     -222.9      -5503      762.6      -77.2      -1088      -1107       2484      612.6       1045      -1022     -610.8      53.76      732.8      -1499      -1583      -5721      -1182      -2305      702.3      499.8      326.8      464.6       -845      401.3      766.2     -25.58      977.6      283.6      389.2      -2876      -1026      363.2      879.1      -1466      -1647      625.2       2182      -3241      -2377      -1245     -878.9      -1028      134.2       3422        120     -29.19       1236     -458.5      -1429       1557        986      600.2      416.7      383.8
      905.1      305.7      411.1      -1121     -473.8      -4242      -1722     -419.8      -4600      -1227      -1665      409.8       2308     -195.1      -3169      -2729       -816      -3043      321.2     -70.63      -2129       1648      -2852      -3138      -4995      -3722      -3222      -6081      -4897 -1.064e+04      -4743      -8080 -1.288e+04       1462     -549.9      -5398       1272     -559.1      -1379      -9086 -1.109e+04      379.4      -2816      221.5     -849.7      -1275 -4.513e+04      -9532 -1.076e+05     -542.7      884.9     -899.8      -2208      -5016      -2844      -5241      -7140      -3747      -1430      -2090      -2357      49.07      -1453      -1927      -2207     -286.6      -1109      773.3     -425.9        428      -2697      790.3      -2288     -816.6       1549       1166       1393      547.6     -971.8     -131.8      -1896      -1642     -712.2       1592     -278.2     -549.8       2104       1909       2306       2032      816.7      388.9      694.9     -720.9      -2499      673.2     -37.43      787.8       1637      -1396      -3605       -327     -862.7     -412.1      922.3
       -330      823.5     -156.5      538.3      -1909     -467.2      -1312     -743.4     -102.7      -1194       1679     -213.7      891.6     -654.1      -3196      -3074      -4140      571.4      -4321     -998.2       1204     -488.8      -3238      941.9     -382.4      -1994     -123.2       1863      406.7       2604      -3099       1995      42.63       1447      266.5      261.4       1144      -99.3       1558      -9841      441.2      786.1     -940.7      553.6     -270.8       -211     -38.22      197.8     -542.7 -7.183e+04      -4234 -1.888e+04      -2838      -3905      -2723      -1370       1275      -2438      218.6      -1105     -732.3      358.8     -87.62       1210      588.3      519.2     -71.51       2991      562.9     -363.1     -140.3      994.2       1596     -57.66      151.1     -526.2      483.6     -44.35      190.1     -221.5      -1160     -122.6      -1791     -829.3      -1884      672.5      -2829      -5369      -3135      -2413     -913.3      -2186      -2451      -1957       2115      271.6       -313     -549.6      439.9       -350     -917.2     -134.2      -2146      321.8        147
     -437.3      34.57     -499.1     -108.6      -1155      527.1      281.7       -132     -526.5      360.5      234.8     -600.7     -323.8      3.275      -1545      -1305        569      631.8     -945.8     -585.5     -3.817     -758.8      591.7       1174       2437      597.9       1503       1638      349.5       1718       1719       4018       2001       1190      921.4      640.1       1262      761.1       1091      640.6       1318      327.7      28.85      109.9      1.612         30      909.2      85.49      884.9      -4234      -8217        580     -376.8      634.5      417.2     -386.8      412.3      466.4      896.5      222.7      69.36      391.9      418.5      442.6      526.6      114.4      619.9      72.73      16.52     -204.6      128.7      162.8      983.4      496.5     -184.7      226.9     -324.7      25.83      322.8     -26.05      688.2      504.8      493.5     -657.8       1336      283.6      159.8        552      259.4     -667.5      81.46      67.25       -325      148.7      782.1      561.8      362.5      268.8      138.4      384.2      219.6      111.7      472.1        699        383
     -398.9      147.6      290.8      204.6      -1057     -10.05     -384.5     -91.73     -80.85       -997     -601.4     -504.7      300.4      150.3      -1647      213.5      -1657     -475.4      -1680     -275.2      404.1      60.11      -1440      290.2      -2641     -389.1      -1237     -986.2     -302.1      834.6      253.7      -3244      -1227       -181      -1518     -509.1      476.4      -1280     -95.33      -5028     -378.7      242.8      -1004     -941.5     -861.4     -750.2     -250.8     -222.9     -899.8 -1.888e+04        580 -2.466e+04     -819.1      -1076      -1569      -1372      875.5      -1209      -1443     -937.5      2.287      9.085     -941.1       1007       1133       14.4     -806.5       1562      422.1      104.7      338.9     -60.07      232.1      324.7     -87.03      252.6      157.3      97.05        647     -33.57      -1309       -482      -1867      546.3      -2747      750.6     -891.6      -1855      -1038      387.4     -316.8     -767.9     -420.4     -509.8      72.11      323.7      71.71     -348.6      254.9      89.32      -1180     -73.41      -1436     -16.35     -410.2
      820.9       2200      -1893     -498.4       1870      -4855      -2325        473       3666     -990.9     -395.2      -1053       2633       2847 -1.161e+04 -5.731e+04 -2.318e+04      -6667  -2.49e+04      -4400       3592       3324 -1.441e+04       3698      -4053       4856      -2826       4112      -1189       5649       9167       9520      -2862       7519      -1055     -856.7       1205       2410       4619 -2.149e+04 -2.122e+04      -6382      -2713      -1154      -2131      674.5      -5935      -5503      -2208      -2838     -376.8     -819.1 -3.952e+05 -4.609e+04 -3.483e+04 -2.693e+04 -1.132e+04 -1.186e+04      -5246      -9282      -3158      -3794      -1511       2050     -1.207 -1.379e+04      -5416      -8258      -2149      -4037      -1610      -3195      -3797     -470.9      -1366       1828      409.2      -1046      681.1      -1259 -2.293e+04      -1521  -1.59e+04      34.05 -1.755e+04      -1647 -1.046e+04 -1.153e+04 -1.281e+04      -7348      -4367      -6947      -6256       4057       3123       1223       2798       1757      -1616     -658.7      -6811     -271.3      -3873     -120.5       1897
      -2266     -885.1      315.6      -1481      -2519      -3037      -5988     -315.9     -276.6       2122      -1933      -3197       1164       4712      -4892 -2.898e+04 -2.143e+04      -9152      -9948      -7479     -560.4       1210      -9518      -2437      -9600       6261      -1451       6204       3431      -4476      -3534  1.659e+04       1946     -406.3      -2385       2209     -289.8       1163      13.79 -2.298e+04      -8078       7012      -1206       3026       1650       2264      -9917      762.6      -5016      -3905      634.5      -1076 -4.609e+04 -7.217e+05 -2.906e+05 -1.086e+05 -1.832e+04      -2270      -8370      -9178      -7481       -119      -6843       2304     -661.7  -1.84e+04 -2.068e+04 -1.215e+04      -5326      -7777      -8231      782.4       -871      -2955     -92.78     -192.3      254.3      -2267     -766.9      709.4  -2.37e+04      -1086 -1.089e+04     -525.8 -1.596e+04      -1236 -1.219e+04 -2.217e+04 -1.524e+04      -3112      -1878     -875.8       2001       4351       4683      -1694       3807      100.5      -1930     -282.5      -5527       2689      -8960       1417       3414
      -2764       1691      424.5       1609       1811      -8042      -6347      816.8      -3211       3293      -2036      -1563       3083       4336      -4267 -1.955e+04 -2.467e+04 -1.085e+04 -1.379e+04      -6281      -2188       3179 -1.087e+04       2103  1.125e+04       6309 -1.133e+04       3814  1.096e+04      -4004      -3338       8426 -2.712e+04      -1864      -6101       1553       3800       1066       1577 -1.126e+04 -1.083e+04     -858.7      -1337      -4208      -4365       1830      -9121      -77.2      -2844      -2723      417.2      -1569 -3.483e+04 -2.906e+05 -4.798e+05 -1.358e+05 -1.486e+04      -6267      -3040 -1.074e+04      -7301     -811.3      -3028       1589       1665  -2.16e+04      -9756      -5415      -2599      -3899      -8324      -2435      -2387      394.3      -1378     0.8936      329.8       1825       1650       2830 -1.184e+04      -1018 -2.507e+04     -65.87 -1.752e+04      -2654 -1.156e+04 -1.614e+04 -1.018e+04      -7827     -798.4      -4573      -2532       5286       1042       -295      -1056      950.2      76.53     -170.8 -1.384e+04        553 -1.128e+04      -3020       2424
     -552.5       1419      -3391      -1455       1621      -9402      -6562     -464.2      -6392      972.3      -3362      -3659       1007       2590      -7341 -2.176e+04      -5976 -1.249e+04 -1.872e+04      -3025       2434       3675      -6667     -747.3      -1096     -286.4      -7262      293.3  1.118e+04       2534       3368       8359  1.086e+04       3973       7771       4045      354.5     -261.6      -1699 -2.089e+04 -1.877e+04      -7692     -408.4      -1081      -2761      747.1      -8878      -1088      -5241      -1370     -386.8      -1372 -2.693e+04 -1.086e+05 -1.358e+05 -3.898e+05 -1.856e+04      -1094      -1441      -4325      -1374      -3125     -5.331       1899      -3342 -1.712e+04      -8196      -5994      -3334      -3091      -8946      -2304      -4487      -2223       2132       1556       1450      24.02      900.7       1594 -1.823e+04      -1169 -1.376e+04       1979 -2.016e+04      -3273      -9785 -3.237e+04 -1.515e+04      -9209     -52.54      -6799      646.7       4867       1429       1618      552.2       2348     -873.6     -85.04 -1.246e+04      -2707      -6260     -934.1       2944
      -2010     -122.9       1448     -317.3       2925      -6018      -5859      -1191       1899       1387      106.3      878.3       4647       1037      -9284      -8080      -8166      -5132      -5957      -1103      455.9       2817      -9633      -4607      -9649     -717.8      -5264      -3682       1806       5791       4779       3846      -7511       5863      -3519      -1996       2097       1649       1604      -4314      -8541      -5779      767.5     -730.6      7.311      -1304 -1.046e+04      -1107      -7140       1275      412.3      875.5 -1.132e+04 -1.832e+04 -1.486e+04 -1.856e+04 -2.774e+05 -4.881e+04      -6365 -1.476e+04      -8556      -4529 -1.559e+04      74.84      -3182 -1.344e+04 -1.494e+04      -9286      -1812      -1477      -7580      575.4      -3421      -1247     -692.9      -1351      162.6      225.7     -969.6     -461.5 -1.098e+04     -781.7  -1.16e+04     -252.7      -8092      -1811 -1.141e+04      -9884 -1.003e+04      -3970     -707.5      -4542      561.2      -32.4       2943       2655       1426     -438.1       1804      122.9      -8813      -2126      -4166        944     -424.9
      -1528     -519.7       3739       2084      511.4     -885.4      -6873       1390       2840     -580.5      -1002      464.5       2054       1099      -4602      -6697      -9537      -4130      -4621     -478.4      503.2       2719      -5967      -4787      -4824     -690.5 -1.765e+04 -1.083e+04      -5494      -9168      -9822 -1.521e+04 -1.297e+04       2443      -3925       2183      -4598      -3279      -4396      52.01       1233      -1271      -1022      861.7       1506      -3433      -4283       2484      -3747      -2438      466.4      -1209 -1.186e+04      -2270      -6267      -1094 -4.881e+04 -4.936e+05 -2.347e+04 -4.415e+04 -2.354e+04      -3843  -1.11e+04      -3608      359.7      -5124      -8196 -1.233e+04      750.5      380.9      -8697      -1861      -2147      642.9      669.4       -494       1190     -182.6      98.37      328.8      -4787      -2070      -6993      -1156      579.5      -1422       2440       1682      -2136       1799      307.7      -1534       2349      721.5     -197.8       -416      -1516      -1454     -57.12     -747.7      -6652     -750.5       2687      -1511      633.9
      279.6      992.3      738.2       1014       2242      -2507      -1433      271.8      294.2     -195.8     -239.2       1117       1235       1573       1638     -346.6      659.9      -2258       2064     -195.1      915.4     -264.5      -1340      -1205      -6700       1281      -3326      -3915       1431      -5074      -1875      -5951      -2427       2365      50.55      371.8      126.4      326.3      -1942     -520.8     -474.4      -2431     -247.6      918.7       1154      55.02      -2149      612.6      -1430      218.6      896.5      -1443      -5246      -8370      -3040      -1441      -6365 -2.347e+04 -7.083e+04      -1283      -3197      -1137      -3526      -1732      -2263      -3491      -4159      -3864      433.9     -300.7      -4069      -1502      -2792     -503.4      217.9     -321.2        231       -623      432.8     -664.5      -3665      114.1      -5443      545.3      -3309     -37.73      -1121      440.2      -2415      -1876      219.6      -1308      105.6     -504.3      -1342      237.6     -526.7      83.05      819.4      352.9     -308.2     -383.1       1607     -774.8      541.4
      409.1        472       2709     -212.4       2898      844.6       1093      -1386      -4468     -407.9      -3534      910.7       1793      529.1      -1502  -1.26e+04      -6600      -3798      -4468      -1912     -215.8      -1032     -659.8      606.1      -1597     -306.5      -2059      -5984      -4769      -6125      -1947      -7269      -8985       5696      -2856      -1225       -704       -836      793.9      -1715     -157.7     -12.66     -377.2      -5455     -74.91     -510.5      -1403       1045      -2090      -1105      222.7     -937.5      -9282      -9178 -1.074e+04      -4325 -1.476e+04 -4.415e+04      -1283 -2.018e+05 -4.759e+04      -7370      -3285      -4054     -256.2      -6501      -8162      -4395      -5356      -1282      -4688      -4027      -4598     -414.4      554.8      298.7      624.5     -442.3      171.3     -939.9 -1.139e+04     -378.2      -6179      480.6     -347.3      32.11      -2533      -4543      -2512      -1737      563.1     -850.8     -449.4     -804.7       1473       1652      -1707      959.7      -2496     -743.4      -1621      -1010      408.3     -395.5       1226
      970.1      672.4       2038      296.4       2212     -6.855       1963      -1024     -377.7     -836.4      495.4       1397     -306.8      226.9     -550.6      -4275       1048      -2085       3685      80.23        275      -2181      -35.8       1229      -3977     -273.3      -3615      -1907      -3832      -1756      -2751      -4940      -4979       2590      -2946      -2146     -153.8     -123.6     -666.5     -891.4      -2260     -287.1      -1092      -2513       2.59      -1373      -2074      -1022      -2357     -732.3      69.36      2.287      -3158      -7481      -7301      -1374      -8556 -2.354e+04      -3197 -4.759e+04  -7.65e+04        718      -4489      -1983      -2066      -4841      -6305      -3124      -2995      -2262      -2376      -3404      -2950     -772.4       1274       1420      633.3     -213.4     -629.2     -246.7      -2764        459     -135.7      978.8      -2654      374.9     -413.9        502        877     -223.2     -666.4       3160      736.2      244.9       2355       2005      931.8       1305      333.7     -645.3      -2944     -31.18       1634      843.5       1299
        337     -151.4     -316.4        498       1728     -842.7      348.9      122.2       1944     -233.9      -2304     -104.8      460.3      909.3      -2140     -705.8      -2350     -282.8      -3563     -255.2     -311.5      122.2     -702.8      62.71      56.23     -106.1     -507.2     -383.2     -402.2       1787      812.1      -4152      -2951       2334        183      -1060      325.5     -994.1     -495.3      -1567      -1381      -1036     -417.8     -883.2     -904.9      -1102     -115.9     -610.8      49.07      358.8      391.9      9.085      -3794       -119     -811.3      -3125      -4529      -3843      -1137      -7370        718 -2.911e+04      -1454     -268.7     -938.6      -1756      -4682      -2547       -168      91.82      -2453      -1645      -1885     -731.2      282.4      454.5      357.2     -502.7     -533.5     -140.5      105.4     -621.7     -20.67     -153.3     -339.1     -257.8      -1415      -2632      -3252      -1833      83.97     -877.5      608.6     -49.94      260.6      871.9     -456.1     -396.8      246.9     -22.58      645.7        278       12.6     -10.91      692.8
     -97.54     -685.7       1198      93.16       1652     -361.6      386.2      219.9      275.1       2055     -216.5      413.5      735.9      930.4       2989      -3832      -8096       -838      -1594     -950.6     -76.85      899.5     -888.4      -4441      -3530       -553     -768.6      -2388      821.5      -7165      41.25     -756.6       2176       4573      -1181     -827.9      -1031      272.5      347.9       1594       1781     -42.76       1435       1757      -1295        809      -2053      53.76      -1453     -87.62      418.5     -941.1      -1511      -6843      -3028     -5.331 -1.559e+04  -1.11e+04      -3526      -3285      -4489      -1454  -1.34e+05 -1.433e+04 -1.267e+04      -2625      -3176      -3452      -1896     -315.8     -40.52     -800.8     -475.7      408.7      492.1      195.5     -694.1     -213.1     -884.8     -588.5      -3165      -1247      -4856        414      -3491     -950.6      -3184       4445      -3334      -1498      114.3      -1397      338.5        621       2162       2012      618.7      -1225      278.9     -585.5      -3218     -601.2       1957      88.79      403.9
      33.41     -195.6     -653.1      506.2     -414.3      983.8       1263      314.2      467.8       1741      -1002     -162.1      137.7      377.7     -160.8      -1112       3279       1762     -350.9     -400.3     -255.7       1752       2810      -1314      751.7     -957.8       3462      -2477      -2585      -4700      -8173      -3977      -5046      -4056      -1813      112.8     -8.776      633.6     -979.9      442.4      904.2      -1469      935.9     -444.1     -232.9      925.5      632.4      732.8      -1927       1210      442.6       1007       2050       2304       1589       1899      74.84      -3608      -1732      -4054      -1983     -268.7 -1.433e+04  -7.73e+04      -4141       1030      775.5     -740.2      -1682     -56.03      584.3      -1044      238.5      581.4     -571.1     -446.6       -755     -303.3       -968     -832.9       3376     -363.5       1183      422.3       2001     -715.6       2535       1770      -1163      -2304      903.3     -876.3       1377      -1476      -1515      -2020     -204.3     -699.7     -284.5     -672.4      -1595      83.98     -223.3       -395     -899.9
      623.2     -234.9       1514     -599.1       1273       2441       3751      932.4     -848.5      138.2      564.1       1502       1272      251.5      754.4      -5658     -416.5     -851.2       1535     -872.1      -1305     -254.3     -680.5      -1527      -4366      -4071      -2653      -6748       -553      -8014      -3914       1689      -1614     -952.6      -4191      -4748      793.1      356.2      -2345      -2905      415.1      235.8       1511      -1786     -821.1     -316.8     -997.4      -1499      -2207      588.3      526.6       1133     -1.207     -661.7       1665      -3342      -3182      359.7      -2263     -256.2      -2066     -938.6 -1.267e+04      -4141 -8.574e+04       2394      -1901     -604.8      -1518     -480.6     -768.5      -1762     -509.1     -621.2       1024       1290      342.8      383.7     -34.29      434.2      660.8      -1213      515.5      524.8       1199      -2184     -837.1      291.2      -2866      -2075      -1639      270.6      -3178      -1318      -1172      103.9     -413.1      227.4      -1133      -1926      -1431     -662.5      707.6      2.223     -282.8
       1214      169.2     -626.5       -683      -1404      -8559      -7430      -1297     -646.1      524.8      -1267     -737.2       1514       4077      -4719 -1.344e+04 -1.014e+04      -5458      -6601      -4296       1272      532.9      -5713      -6081      -1246      -3220      -1554      89.53       1106      -4754       2823  1.176e+04       2191       3254       2271       1287       3298       2508       5880 -1.146e+04      -7364      -5745      -1836      -3863     -801.1      54.92      -4371      -1583     -286.6      519.2      114.4       14.4 -1.379e+04  -1.84e+04  -2.16e+04 -1.712e+04 -1.344e+04      -5124      -3491      -6501      -4841      -1756      -2625       1030       2394 -2.997e+05 -9.024e+04  -1.53e+04      -1947      -3455  -1.58e+04      -3321      -4874      -3157     -329.7     -344.9       1397      -1772     -625.4      -4041      -8958      -1222      -8989       1148      -3063     -161.1      -2942     -517.4      -1541      921.3      -2062      -4187     -664.8        515      -1818      596.9       1511      448.1     -972.3       2500      -4237      158.2       -655       1047      723.5
       2324       2133       2877      -1177      -1501     -451.2      -2839      -2592      -4216      291.3        444      448.4       3123       1060      -3524      -8627 -1.663e+04      -5862       1009      -2672       1387      -2211      -3169       1791      -1158      -4995      -5559     -79.82     -470.6      -3582      -3351  1.099e+04      -5785       5918       1346      -2374       1251       1546       1010      -9062 -1.165e+04      -2903      -3208      -3315      -1232      507.1      -6113      -5721      -1109     -71.51      619.9     -806.5      -5416 -2.068e+04      -9756      -8196 -1.494e+04      -8196      -4159      -8162      -6305      -4682      -3176      775.5      -1901 -9.024e+04 -3.339e+05 -2.368e+04      -5281      -4489 -2.936e+04      -4073      -4991      -1249      -3301     -434.9      130.5      -1385     -509.7      -2063      -4532      -1298      244.5       1586      5.743      -2482 -1.361e+04 -1.175e+04      -6295      -6560      -3040      -8032       1494      -2087       2312      430.8      -1435       1335      622.4      77.45      -4663      759.4      -1518       1180       2005
      -1282      708.1      -2734      986.2      -1191      -4868      -1799     -437.3      -1855       3703       3510     -22.61       2878       2602      -2681      -9920      -7928      -2902       1506     -133.8       3266       2658      -2032       1253  1.023e+04      -2442      -4008      -1868      -2963        192      -2001       6267 -1.266e+04       3152      -1190     -765.1      221.3       2337       2640      -9643     -891.3       1825      -1318      -1622       -137     -542.7      -1388      -1182      773.3       2991      72.73       1562      -8258 -1.215e+04      -5415      -5994      -9286 -1.233e+04      -3864      -4395      -3124      -2547      -3452     -740.2     -604.8  -1.53e+04 -2.368e+04 -2.471e+05 -1.407e+04      -9466 -1.195e+04      -4008      -2327     -206.5      122.4      442.4       1336      -2146      499.2     -496.2     -320.3     -300.8      -2838      327.9      -3743     -361.2      -2977      583.5     -641.9       1470      10.73       3250       4869      335.7     -916.4       3326      171.5       1438      -1339       1248      -2126       2974       2494       2549       3234
      726.3       43.2       1026      223.4       -354        779       1683      -1662       2146     -892.5      -1560       2185      109.7       -185     -372.2      -2567       1512     -639.2       1478      738.7      -1398     -77.34     -266.4       3505     -96.33     -20.11       3480       3701       1329       1537      -5956       3873      677.9       2342      -2087     -124.2       2080     -173.8      782.1      -1525      463.5      36.36      -1183      804.7     -169.4     -915.6      -1311      -2305     -425.9      562.9      16.52      422.1      -2149      -5326      -2599      -3334      -1812      750.5      433.9      -5356      -2995       -168      -1896      -1682      -1518      -1947      -5281 -1.407e+04 -8.857e+04      -1126      -3306      -5869      -4256      -2781       1153     -962.1      124.8      -76.9     -6.528     -464.6     -490.2      257.4       1080        632      -1457      -1179     -503.3      -2082      -1986     -819.8       2017      680.4      8.929       1126      -2277       1411      112.3      506.5      90.16      33.86       1149     -302.8       1258      -2343      934.8
       -411     -104.8      835.7     -21.56       2267       2691       2505      -1909     -58.69     -292.2      -1378      950.5     -876.4     -102.9      -1830     -428.4       2065       1032       1459      -1557     -325.4     -210.1      677.4       3357       1674       1182       3198       3557       1055       4091      402.4       7331       5908       1338       2733     -388.7       2392     -772.6      993.1      -1215     -139.2     -260.1     -328.7       1146      -1860      332.9      284.9      702.3        428     -363.1     -204.6      104.7      -4037      -7777      -3899      -3091      -1477      380.9     -300.7      -1282      -2262      91.82     -315.8     -56.03     -480.6      -3455      -4489      -9466      -1126 -7.507e+04      -2361      -5499      -4323      -2389     -374.8      578.5      158.9     -572.3       30.7     -720.7       1108       1369       1250      99.57       1806     -164.1       2774      -3984      -2694       1342     -99.64       1954       2065     -198.8     -453.7       2101       1594       2001     -133.8     -216.9       2356      -1417      -1217      601.6      931.7
       1271     -429.4      674.7     -137.4     -967.4     -716.3      -2275     -462.3      859.1     -966.6      619.9     -620.8       2709       2186      -3111      -4352      -2213      -5419     -794.8      -2039       1110       1280      -2525       2611       2614       1112      759.6      -5951       5011      -3522      -4342      -4200      -3016       6412      -3868      177.3       1098       1826       2540      -6702      -6867      -1229      -1367     -788.1     -421.7     -100.6      -5474      499.8      -2697     -140.3      128.7      338.9      -1610      -8231      -8324      -8946      -7580      -8697      -4069      -4688      -2376      -2453     -40.52      584.3     -768.5  -1.58e+04 -2.936e+04 -1.195e+04      -3306      -2361 -1.922e+05 -1.826e+04 -1.281e+04      -3745      -1582        216     -426.9      -1223      100.5      -1032      -1987     -282.4      386.3      915.7      -3849     -828.5      -3762       3705       2607       3367     -854.8      440.8       1534     -423.1      -3363       -381      285.6       1051      796.8     -519.8      -5704      628.9     -875.4      503.4       2386
      916.9       2085       2796      693.6       1526       1621       1294      639.7       3075      -2100     -952.2      708.8      -1459     -717.3      318.9     -265.5      740.8      -2117        239     -110.6     -566.4     -299.6      398.5       2812     -894.4      -1340     -388.9      -3729      -3058      883.4      -7825 -1.075e+04      -1808      -1656      -4498      -1319      287.7     -377.2      -2407      -4704      -2007      486.1      173.4       1897      -1564       1508     -953.4      326.8      790.3      994.2      162.8     -60.07      -3195      782.4      -2435      -2304      575.4      -1861      -1502      -4027      -3404      -1645     -800.8      -1044      -1762      -3321      -4073      -4008      -5869      -5499 -1.826e+04 -1.139e+05      -9056      -1023     -291.7     -278.4      531.1     -583.3       1139     -896.4      833.5      299.8       1467       1079     -887.7      31.43       4014       2617     -190.7       2030      281.3       5223       4202     -47.34      -1509       1202        228      331.6      871.5     -711.4       3348     -648.5      867.2      -1822       1369
       1515       1707       1591      716.8       1162      559.5       2026     -497.1      78.99      -2402     -99.44       2268      264.5      312.4      -3273      -1706       2287      -1515      -1378      601.7      -1273      -1966      -1581      -2438      -5042     -385.6      -2176      -6716      -4906      -3665      -5921       3932     -624.3      -1248      -3316      -1928       2036      -1640      -1224     -717.5      -3490      819.5      220.3      878.7      -1158     -160.6     -152.7      464.6      -2288       1596      983.4      232.1      -3797       -871      -2387      -4487      -3421      -2147      -2792      -4598      -2950      -1885     -475.7      238.5     -509.1      -4874      -4991      -2327      -4256      -4323 -1.281e+04      -9056 -1.017e+05      -1447     -189.1     -670.9      237.8     -810.3     -59.47     -618.6       1243      982.6       2360        481     -464.6     -716.3       1177      675.2      944.3      -1178      -1518       2101     -417.1     -140.3      -1708     -451.6     -138.5      332.6       1525      -1177       2043      -2533      700.4      -1141       1056
     -183.8      803.8      831.4       1589        247       2222       -485      188.8       1184      709.6      -1259      549.5       1183       1805       1034       1134      367.3     -259.5      -1281        158      230.3        376      -1868       1241      309.1       -979        830      429.6     -90.49      -2900      -3280      -1460       3045      575.6      -1055     -472.1      189.1     -737.7      137.9     -411.6     -213.2      18.51     -448.2     -188.9      37.04     -103.3     -237.4       -845     -816.6     -57.66      496.5      324.7     -470.9      -2955      394.3      -2223      -1247      642.9     -503.4     -414.4     -772.4     -731.2      408.7      581.4     -621.2      -3157      -1249     -206.5      -2781      -2389      -3745      -1023      -1447 -4.305e+04      385.9      57.77      158.8     -191.4      2.289     -127.8      -2077     -313.8      -2501      717.4        984      -1270       2169      -4026      -1209     -526.3      650.2      301.1       1485      115.3      284.8      211.4      882.7      919.9       69.4      122.6     -814.1      172.6     -865.1     -562.5       -354
      81.17      433.2      -1079     -540.8      -2524       -734      818.3      204.3       1178      859.7       1324      195.4      247.6       1668      -1712      642.2      -3736      406.7      618.3       -691      464.6        671      -1431      -2057       1908       2172     -520.6       2017     -62.16      -3383      957.4      -3261       2574      704.3      98.86       2373       2699      902.9      636.4      369.8      -3487      -1282      414.1       1115     -201.3      654.7      819.5      401.3       1549      151.1     -184.7     -87.03      -1366     -92.78      -1378       2132     -692.9      669.4      217.9      554.8       1274      282.4      492.1     -571.1       1024     -329.7      -3301      122.4       1153     -374.8      -1582     -291.7     -189.1      385.9 -4.926e+04  -1.32e+04      -4358       -507      107.3     -889.2      -3665     -175.3      -4256      -1125      -2695       -689      -3063      -1688      -3561      -3901      596.8      -3042      -1256      944.3        498      31.44     -111.4     -600.7        130     -48.36       -694      227.2      122.4      997.4      711.8
        340      473.1      31.05     -552.2      344.3     -512.2      495.6       1092       1446      485.2       1597        563      371.8      197.3      -1021      303.5     -351.8      164.8       1313      94.29      765.6      608.6      622.1      526.3        980       2252       -982      477.2      -1218       2045      405.6      186.7       7913      886.3      928.3       1184       1461       1120      17.79      265.4     -323.1      54.13      526.8       1021      49.11      607.2       1207      766.2       1166     -526.2      226.9      252.6       1828     -192.3     0.8936       1556      -1351       -494     -321.2      298.7       1420      454.5      195.5     -446.6       1290     -344.9     -434.9      442.4     -962.1      578.5        216     -278.4     -670.9      57.77  -1.32e+04 -2.889e+04     -412.8      170.5     -118.4      12.65      -1058       -329      -1540       -345      -1439      58.61     -830.3     -624.2      218.4      -2381     -813.7      -1746      -1276     0.4199     -623.6     -198.2      38.77     -514.6      418.1        532       2341     -782.4      663.5      834.8      411.7
      212.4      641.9      315.6      7.699        489      888.3      794.8      190.4       1381      829.1      784.4      511.5      288.9      449.8       1163      695.9      880.3        461       1663     -170.9      264.2      747.5      443.8       1464       1935      113.5       2722     -353.9      680.1      557.9       1279      -2453       1096      597.7      858.7       1357       1148       -179     -410.4      145.4      580.6      458.5      368.8     -88.48     -26.37      579.9      690.9     -25.58       1393      483.6     -324.7      157.3      409.2      254.3      329.8       1450      162.6       1190        231      624.5      633.3      357.2     -694.1       -755      342.8       1397      130.5       1336      124.8      158.9     -426.9      531.1      237.8      158.8      -4358     -412.8 -1.778e+04      175.7      371.6      287.9       1000      318.2      336.7     -251.7      767.4      144.5     -374.3     -469.8     -127.1      -1490      103.7     -59.87      290.6      -1009     -518.8      187.1     -10.49         28     -285.1     -43.54       1185     -421.7      782.8      284.9     -62.94
      182.4     -226.2      645.8     -154.3       -540      -1332     -777.2      17.15      396.9      201.1      250.5        154      219.2      697.3     -381.6      -2342      -2068     -556.2     -949.6     -465.5      137.6      -1281     -325.3     -486.8       1285      230.6       1127      588.7      979.5       1596        264      -1763       1259       1811       1708       1360     -36.42      649.7     -188.4     -189.5      194.9      -1248        362     -505.3       -338      454.4      443.7      977.6      547.6     -44.35      25.83      97.05      -1046      -2267       1825      24.02      225.7     -182.6       -623     -442.3     -213.4     -502.7     -213.1     -303.3      383.7      -1772      -1385      -2146      -76.9     -572.3      -1223     -583.3     -810.3     -191.4       -507      170.5      175.7 -1.912e+04      -1780      -7736     -63.62      473.3     -659.8     -117.7     -366.8     -915.4      262.5      -2048      -1855     -481.2      94.27       -657       1179       1100      -1906      504.2      60.19     -9.244     -376.1       13.1       1145     -220.9      286.3      316.6      808.9
      501.6      357.1      714.5      145.3       1331     -671.9      404.3     -167.8     -706.5     -437.9      -1469      189.6      384.4      157.6     -70.24      872.3       2113     -208.8      980.9       1128     -601.1      7.744       1031     -2.681      -2678     -955.5      -1735      -2819      -3082     -949.9      -2421      -1323      -1407      -2482     -204.1     -107.5      410.6     -277.6       1131       2422      76.94       1493      470.8       2039      340.6     -81.13       1520      283.6     -971.8      190.1      322.8        647      681.1     -766.9       1650      900.7     -969.6      98.37      432.8      171.3     -629.2     -533.5     -884.8       -968     -34.29     -625.4     -509.7      499.2     -6.528       30.7      100.5       1139     -59.47      2.289      107.3     -118.4      371.6      -1780 -5.081e+04 -1.448e+04      939.4     -657.4       1059      100.8       2093      -1247       1089       1595       2280       1174      294.5        424        212      412.3     -882.1      779.3      -1380     -49.81      656.4      -1169        620     -664.5     -959.6      -1050      431.4
     -223.6      379.2      861.7      49.12     -336.9      309.1      452.4      201.3      -1336     -46.64     -243.7     -698.3      541.1      166.6      927.6      823.6     -305.8      635.6       1825      163.8     -355.1      -1061       1325       1544       3501      -1231      -2895      -3675      -2075     -762.8      -2514       1287      -4158     -900.1     -375.4     -861.8      -1584       -127      -1282      -3865      -2293       1566      371.9       1839      237.2      240.4       1318      389.2     -131.8     -221.5     -26.05     -33.57      -1259      709.4       2830       1594     -461.5      328.8     -664.5     -939.9     -246.7     -140.5     -588.5     -832.9      434.2      -4041      -2063     -496.2     -464.6     -720.7      -1032     -896.4     -618.6     -127.8     -889.2      12.65      287.9      -7736 -1.448e+04  -5.78e+04       3030      38.46       2687       -202       2669     -470.9     -406.1      785.7      626.4      836.5      215.2      -1235       1665      619.2      -2261      290.4     -966.5        166     -235.8      -1509      1.481      -1744      -1285      -2089     -239.4
      -2066       2697      -5909      973.1      -2815      -2311      -4417       1705       1158       1261       2025     -575.2     -372.5     -20.01      -4894 -1.326e+04 -1.611e+04      -4111 -1.745e+04      -5710      -1779       4714      -9797      -9632      -3073      -3350 -1.018e+04      -9596      464.3       -815     -95.19      919.8       7153       4479     -771.8       4836      -4329     -665.3      3.914  -2.16e+04      -9624      -8530      -1428      -1877      -2497       2403      -5481      -2876      -1896      -1160      688.2      -1309 -2.293e+04  -2.37e+04 -1.184e+04 -1.823e+04 -1.098e+04      -4787      -3665 -1.139e+04      -2764      105.4      -3165       3376      660.8      -8958      -4532     -320.3     -490.2       1108      -1987      833.5       1243      -2077      -3665      -1058       1000     -63.62      939.4       3030 -3.351e+05      -3619 -1.636e+05     -99.98 -9.095e+04      -1297 -6.002e+04  -1.96e+04 -2.282e+04 -1.677e+04      -4635 -1.091e+04      -7133      205.1      71.28     -177.1      113.9      -1102     -989.1      835.9 -1.031e+04      -1818      -9773      -2765      711.1
      49.97      22.17        189      140.4     -672.3     -121.9     -950.7       1644     -817.9      680.9     -404.9      75.26      439.8      605.6       1097      -2991      -3766      -1730     -257.4     -577.7     -384.5       1039      19.33     -652.1     -235.5      -1003     -335.5      444.8      -2677     -802.6     -964.6      -1139      -4424      126.6     -753.9      224.2      878.8      575.2      539.7      -3946      -1953     -473.9     -720.1      928.1     -653.5      529.4      -1535      -1026      -1642     -122.6      504.8       -482      -1521      -1086      -1018      -1169     -781.7      -2070      114.1     -378.2        459     -621.7      -1247     -363.5      -1213      -1222      -1298     -300.8      257.4       1369     -282.4      299.8      982.6     -313.8     -175.3       -329      318.2      473.3     -657.4      38.46      -3619 -2.605e+04       -995      306.2     -793.3       -722     -682.2      575.4     -867.9      471.5      79.73     -143.4        740       -566       1945      59.83      157.1      360.3      146.2     -804.4      -1835     -373.7        167      481.2     -601.7
      -3703       1570     -652.1      -1511      -2588      -4208     -273.5       1802       1427      -3428     -694.2      -2062      557.9       3609  -1.17e+04      -7913 -2.204e+04      -4536 -1.289e+04      -2987        741       3665      -6081 -1.003e+04      -1704      868.4      -8882       6475       3703      861.1      -2277 -1.587e+04       7603       5997     -407.1       7006      -8169      -1097      26.27 -1.475e+04      -7509      -4688     -330.1        437      393.1       2628      -2870      363.2     -712.2      -1791      493.5      -1867  -1.59e+04 -1.089e+04 -2.507e+04 -1.376e+04  -1.16e+04      -6993      -5443      -6179     -135.7     -20.67      -4856       1183      515.5      -8989      244.5      -2838       1080       1250      386.3       1467       2360      -2501      -4256      -1540      336.7     -659.8       1059       2687 -1.636e+05       -995 -3.956e+05      191.2 -1.407e+05     -80.86 -8.691e+04  -2.62e+04 -1.781e+04 -1.427e+04      -3976      -6483      -5409      -4315       -294     -509.8      -3816      -1437      -2377      -1985 -1.041e+04      -3767      -6393      -1482      358.1
     -139.5      713.6     -153.7      73.43     -468.3     -199.4       1391       1164       1733      870.6       1891      35.92     -676.1      948.6      227.9       2224     -510.2      664.9      379.9      73.49      977.2      202.3      40.34       1162       1550       2338       2376      756.5       2447      688.8       1667      92.77       3417       2333       1066       1651      500.7      370.1      433.2       2043       1517      186.9      922.1      951.3     -35.79       1247       1654      879.1       1592     -829.3     -657.8      546.3      34.05     -525.8     -65.87       1979     -252.7      -1156      545.3      480.6      978.8     -153.3        414      422.3      524.8       1148       1586      327.9        632      99.57      915.7       1079        481      717.4      -1125       -345     -251.7     -117.7      100.8       -202     -99.98      306.2      191.2 -1.699e+04       1503        223       1687     -385.7     -248.8     -489.7     -235.4      -1029       -251      860.4      326.8     -44.74     -196.1     -407.2     -481.5      269.5      853.2      268.4     -244.5      316.7      122.4
      -2599      -1014     -639.3      -1655      -2506      -2710      -2205       2240      635.4     -843.4      90.63     -559.4      356.2       1572      -9725      -9253 -1.582e+04      -7112      -7809      -4729     -679.1      178.9      -9601      -8734       4015      -1136      -4985       9396       4702       3278       2380      -3750       6773       5414        532       4186      -1440      -3105      34.79 -1.317e+04      -5064      -3351     -708.2     -78.23     -994.4        493      -7092      -1466     -278.2      -1884       1336      -2747 -1.755e+04 -1.596e+04 -1.752e+04 -2.016e+04      -8092      579.5      -3309     -347.3      -2654     -339.1      -3491       2001       1199      -3063      5.743      -3743      -1457       1806      -3849     -887.7     -464.6        984      -2695      -1439      767.4     -366.8       2093       2669 -9.095e+04     -793.3 -1.407e+05       1503 -3.182e+05       -452   -1.6e+05 -2.829e+04 -2.552e+04  -1.43e+04      -3591      -4487      -5733      -1129      -3908      -1154      -3874      -1781      -2793     -626.8 -1.313e+04      -1697      -5319      -2128       1035
     -461.4        872      272.9      438.9     -216.8      211.8      332.7     -965.6     -673.4       1287     -269.4      800.4     -18.67      729.3     -846.6      -4359     -307.1     -454.6      -3014      692.6     -726.9      394.1     -681.5     -137.5      730.2     -686.2       -583      -1614      -1471     -284.8     -681.6      -4366      -5052      -1010      -1084      -2050      650.2     -753.6     -213.5      -1528      -2750      -1929     -55.53     -86.11     -39.34     -418.5     -883.9      -1647     -549.8      672.5      283.6      750.6      -1647      -1236      -2654      -3273      -1811      -1422     -37.73      32.11      374.9     -257.8     -950.6     -715.6      -2184     -161.1      -2482     -361.2      -1179     -164.1     -828.5      31.43     -716.3      -1270       -689      58.61      144.5     -915.4      -1247     -470.9      -1297       -722     -80.86        223       -452 -3.154e+04      -1188      -2733      -1035      -3394     -257.3      -1538     -611.4      -1037      -1306     -101.4     -329.3        278     -310.2      -2048      -2666     -970.3      -2103      -2065      -1023
     -41.34      875.9     -159.1      109.4      -1095      -4204       1120       1494      -3899       2480       1587      -1567      341.6      105.2 -1.068e+04 -1.247e+04 -1.827e+04      -5512  -1.02e+04     -655.2     -128.4       1158 -1.089e+04      -4280       2590       4029      -5275       7563       8591       1385       1803 -1.367e+04 -1.269e+04       2629       5063       5420      902.5      -1853       2458      -5162      -6521      -2248        916       2588       1807      767.7      -1795      625.2       2104      -2829      159.8     -891.6 -1.046e+04 -1.219e+04 -1.156e+04      -9785 -1.141e+04       2440      -1121      -2533     -413.9      -1415      -3184       2535     -837.1      -2942 -1.361e+04      -2977     -503.3       2774      -3762       4014       1177       2169      -3063     -830.3     -374.3      262.5       1089     -406.1 -6.002e+04     -682.2 -8.691e+04       1687   -1.6e+05      -1188 -3.228e+05 -4.356e+04 -2.396e+04 -1.587e+04      -2828      -7811      -3972     -689.8       2877     -272.7      -3035      -1996      -2208     -770.7 -1.458e+04      -2534      -9684      -2790      -1249
       2323     -10.55       1071       1234       2928      -4483      807.9     -906.9      243.9       5235     -306.3     -927.3      48.14       3579      -2833 -1.286e+04 -1.769e+04       1811  -2.75e+04      -2620       3666      -3605      -2251       7440      -3811      -2743 -1.073e+04       4322       1033       1967      -3151  1.296e+04  1.202e+04       6136       6781       4830       -830     -680.3     -53.15       1023       3043      -3816      -2766       3008      399.7       2884       5149       2182       1909      -5369        552      -1855 -1.153e+04 -2.217e+04 -1.614e+04 -3.237e+04      -9884       1682      440.2      -4543        502      -2632       4445       1770      291.2     -517.4 -1.175e+04      583.5      -2082      -3984       3705       2617      675.2      -4026      -1688     -624.2     -469.8      -2048       1595      785.7  -1.96e+04      575.4  -2.62e+04     -385.7 -2.829e+04      -2733 -4.356e+04 -5.855e+05 -1.577e+05 -4.635e+04      -4442  -1.76e+04      -9996      -3284 -1.677e+04     -166.7      -2852      83.58     -457.9      -9422 -1.552e+04      -1024      -5762      -1167     -764.5
     -355.6     -316.4      971.7      707.6       4249      -2736      -3287       1727       1542       2522      -1362      -1263     -94.96       5170      -6626  -1.56e+04      -8429      -3264      -6986      -2561       1718      280.9      -3060       3277      563.5       4616      -6607      -1797       1070      171.1       -261       6570       5211       7313      640.2       1637      -5520      448.6      -1649      687.6     -197.1      -5115     -146.7       5248       -384       2019     -12.64      -3241       2306      -3135      259.4      -1038 -1.281e+04 -1.524e+04 -1.018e+04 -1.515e+04 -1.003e+04      -2136      -2415      -2512        877      -3252      -3334      -1163      -2866      -1541      -6295     -641.9      -1986      -2694       2607     -190.7      944.3      -1209      -3561      218.4     -127.1      -1855       2280      626.4 -2.282e+04     -867.9 -1.781e+04     -248.8 -2.552e+04      -1035 -2.396e+04 -1.577e+05   -2.7e+05 -6.125e+04      -4722 -2.121e+04 -1.404e+04      -3343      -8499     -920.4      -4784     -530.4      -1152     -590.3      -9998     -415.8      -6637      -3280      770.5
      205.4      -1061     -358.9       1463      -1608     -36.81      400.8     -373.7     -544.8       5878     -12.19       2108      -1592       5507      -3900      -2502 -1.176e+04       1435      -7512     -999.7     -399.6       1956      -6172       5494      -1402      -5868      -9239     -645.1      -8070      -7926      -8522      -6221      555.8       1299      -4142      -7049      -1053       3085      -5737      -1864     -314.7     -323.7       1590      -1807      -1084      -1025       2806      -2377       2032      -2413     -667.5      387.4      -7348      -3112      -7827      -9209      -3970       1799      -1876      -1737     -223.2      -1833      -1498      -2304      -2075      921.3      -6560       1470     -819.8       1342       3367       2030      -1178     -526.3      -3901      -2381      -1490     -481.2       1174      836.5 -1.677e+04      471.5 -1.427e+04     -489.7  -1.43e+04      -3394 -1.587e+04 -4.635e+04 -6.125e+04 -3.536e+05 -1.047e+04 -4.642e+04  -1.91e+04      -6124      -9135      -2978      -6340      -3019     -946.2      -1021      -6862     -742.6      -4991      -4270        967
      433.7        148       1032      -1316      519.8       3048       2767     -654.8     -405.6     -417.9       -108       1072      479.8      316.2     -44.32      501.7     -592.6      236.3      -1710      603.3      871.2     -527.5     -529.6      239.2      52.55      -2761     -77.53       3024      -1731      -3597      -2851     -21.87       5394     -42.29      -1640        302      -2322     -173.6      -2229      -1135      -2621      71.94       1059       1166     -50.74      443.3       1186      -1245      816.7     -913.3      81.46     -316.8      -4367      -1878     -798.4     -52.54     -707.5      307.7      219.6      563.1     -666.4      83.97      114.3      903.3      -1639      -2062      -3040      10.73       2017     -99.64     -854.8      281.3      -1518      650.2      596.8     -813.7      103.7      94.27      294.5      215.2      -4635      79.73      -3976     -235.4      -3591     -257.3      -2828      -4442      -4722 -1.047e+04 -6.841e+04      -7047      -3314      -3167      -4581      -1353      -3737      -1793      -1466      119.5      -2821      -1002      -1553     -338.8      -1988
       2198      149.9        586      -1618       2295       3450       1808      728.9       1151       2868       3305      569.1      -1893       2189      514.3      -4645     -536.9       3486      -1445       1824       3452     -593.8      -1509       4127      -3555      -7712      585.1       8036       1435       2456      -4285      -4658      752.2       3965       1181     -639.4      -3094       2296     -968.5      -2334       3348      620.9     -195.9      -1348      765.1     -910.4       2362     -878.9      388.9      -2186      67.25     -767.9      -6947     -875.8      -4573      -6799      -4542      -1534      -1308     -850.8       3160     -877.5      -1397     -876.3      270.6      -4187      -8032       3250      680.4       1954      440.8       5223       2101      301.1      -3042      -1746     -59.87       -657        424      -1235 -1.091e+04     -143.4      -6483      -1029      -4487      -1538      -7811  -1.76e+04 -2.121e+04 -4.642e+04      -7047 -2.961e+05 -6.715e+04      -6827 -2.318e+04      -4637      -7553      -5185      -1489      -2223      -8614      23.83      -3699      -3255     -622.8
      -1261      903.5      -2031      -1520      723.3       3808       -553      -1536       4138       -475      534.3       1468      707.5       1071       1872      -3147      43.12       3414      -4044      430.9      559.7      981.7     -500.3       6189       3138      -1323       3300       7554       6983       5897      500.3       1829 -1.093e+04       2901       1685       1636     -201.8      307.5     -458.2      -1221     -989.5       3405       1959      637.1     -88.52      252.5      640.2      -1028      694.9      -2451       -325     -420.4      -6256       2001      -2532      646.7      561.2       2349      105.6     -449.4      736.2      608.6      338.5       1377      -3178     -664.8       1494       4869      8.929       2065       1534       4202     -417.1       1485      -1256      -1276      290.6       1179        212       1665      -7133        740      -5409       -251      -5733     -611.4      -3972      -9996 -1.404e+04  -1.91e+04      -3314 -6.715e+04 -1.842e+05  -1.15e+04 -3.159e+04      -5633 -1.128e+04      -3157      -1772      -1331      -7329      -2970      -5676      -3036      -1832
       1557      662.3       4105      186.9       3537       2391       1363      101.8       1467      -1500      154.2      918.9     -798.5       1035       1548       2506      -2221     -132.5       3820       1056     -549.2      410.9       2812     -121.7      -2547      -6855      -5916      -4267      -5681      -2902      -8995      -4817      -7543      -2209      -5307      -2241      -5182      -1665      -5938       1443     -348.9       1699      130.8       1517      -1230      509.8     -409.8      134.2     -720.9      -1957      148.7     -509.8       4057       4351       5286       4867      -32.4      721.5     -504.3     -804.7      244.9     -49.94        621      -1476      -1318        515      -2087      335.7       1126     -198.8     -423.1     -47.34     -140.3      115.3      944.3     0.4199      -1009       1100      412.3      619.2      205.1       -566      -4315      860.4      -1129      -1037     -689.8      -3284      -3343      -6124      -3167      -6827  -1.15e+04 -1.066e+05 -1.973e+04      -6289      -8297      -1626      -3012      -3109      -2777      -1358      -2240      -2191      -2366
     -37.19      335.5      785.8      185.4     -141.2      -6700       -830       1107       1114      -1408       3121       2216       1360       5193      -4179   1.11e+04       1528       1967       3037     -880.2      -1408      262.8      52.97      -3330      -3478      -5654      -6721     -587.2      -6889 -1.205e+04 -1.619e+04 -1.338e+04       3614      -3290      -2964       -469     -483.2      -1600      -4261       4605       5211       3189       2145      318.7      356.5       4847     -273.3       3422      -2499       2115      782.1      72.11       3123       4683       1042       1429       2943     -197.8      -1342       1473       2355      260.6       2162      -1515      -1172      -1818       2312     -916.4      -2277     -453.7      -3363      -1509      -1708      284.8        498     -623.6     -518.8      -1906     -882.1      -2261      71.28       1945       -294      326.8      -3908      -1306       2877 -1.677e+04      -8499      -9135      -4581 -2.318e+04 -3.159e+04 -1.973e+04 -3.414e+05 -1.436e+04  -4.04e+04      -4077      -2481      -2376      -6938      -1086      -3746      -2080      -2947
       1382      70.27        729     -373.8     -171.3       1795       1995       2598       2120       1236       2150        947      813.6      82.49       2985       4383       2800       1510       4448       1280      456.4       1726       3431     -22.75     -694.4     -686.8      -3482      -2778      -4379      -7741      -6250      -9981      -7740        893      -1035     -386.2      -2810      -1135      -2513       4281       1241       1064      32.15       1715       1068       1252      544.7        120      673.2      271.6      561.8      323.7       1223      -1694       -295       1618       2655       -416      237.6       1652       2005      871.9       2012      -2020      103.9      596.9      430.8       3326       1411       2101       -381       1202     -451.6      211.4      31.44     -198.2      187.1      504.2      779.3      290.4     -177.1      59.83     -509.8     -44.74      -1154     -101.4     -272.7     -166.7     -920.4      -2978      -1353      -4637      -5633      -6289 -1.436e+04 -6.152e+04      -4148      -2258     -364.2     -537.3      -2088     -393.5      -2511      -1278      -1399
      993.7     -150.5       2326      562.2       1245      887.2      2.632      195.4      -2300       -103      -2275       2351     -306.7       2096       1350       5234       1998      155.9       2021      748.8     -327.9      524.9       1863      -1783       2778      -4689      -1660       5304        213      -8473 -1.163e+04 -1.076e+04      -5435      595.8      -2063      188.6      -1884     -896.9      -1259      -1692     -374.5       1994       2312      294.6       40.4       1399     -768.1     -29.19     -37.43       -313      362.5      71.71       2798       3807      -1056      552.2       1426      -1516     -526.7      -1707      931.8     -456.1      618.7     -204.3     -413.1       1511      -1435      171.5      112.3       1594      285.6        228     -138.5      882.7     -111.4      38.77     -10.49      60.19      -1380     -966.5      113.9      157.1      -3816     -196.1      -3874     -329.3      -3035      -2852      -4784      -6340      -3737      -7553 -1.128e+04      -8297  -4.04e+04      -4148  -1.05e+05      -2031      -2276     -951.1      -3312       -746      -3046      47.41      -2080
      35.01      428.9     -29.93     -202.6       1481       1627        406       1763      598.7       1270       1900     -637.3       -482      806.7       2532       3210       1682       1410     -583.7      423.7      57.81     -585.3       1160       -822       2796      -1099      -1744     -794.5       2446     -308.7      -1274      -5560      -3124       1555     -221.3      961.2      -1108      603.6       -129       2082     -673.3       1658      564.3       -939      101.2     -317.9       1164       1236      787.8     -549.6      268.8     -348.6       1757      100.5      950.2       2348     -438.1      -1454      83.05      959.7       1305     -396.8      -1225     -699.7      227.4      448.1       1335       1438      506.5       2001       1051      331.6      332.6      919.9     -600.7     -514.6         28     -9.244     -49.81        166      -1102      360.3      -1437     -407.2      -1781        278      -1996      83.58     -530.4      -3019      -1793      -5185      -3157      -1626      -4077      -2258      -2031 -4.003e+04     -611.5       -566      -1314     -149.4      -1169     -514.1     -139.3
       -318      256.7      219.4      737.9      129.2       1313       1364     -53.68     -110.8      900.3       1208       42.1       1309       1372       1018     -156.7      998.9      744.1     -245.7     -456.4       1334     -487.8      138.7       1078      372.3      -1741       1283     -349.3     -707.1      -1448      -2338       1268      451.8       2688      38.43        314      -1538      62.86     -209.5     -803.3     -16.92       2434        499       2159     -220.1        132       1491     -458.5       1637      439.9      138.4      254.9      -1616      -1930      76.53     -873.6       1804     -57.12      819.4      -2496      333.7      246.9      278.9     -284.5      -1133     -972.3      622.4      -1339      90.16     -133.8      796.8      871.5       1525       69.4        130      418.1     -285.1     -376.1      656.4     -235.8     -989.1      146.2      -2377     -481.5      -2793     -310.2      -2208     -457.9      -1152     -946.2      -1466      -1489      -1772      -3012      -2481     -364.2      -2276     -611.5 -4.055e+04     -476.8      193.3     -101.6      264.8      987.1      353.1
      237.7      38.12      692.5      238.2       1057     -11.33     -296.7       -315      -1692      739.3      -1178     -649.2     -247.7       1118      156.2       1157      -2250     -123.2       22.2      589.8      448.7     -5.417       -867      98.51     -13.09      191.1      -4507      -2074     -132.2      -4131      -1151       2885      -1879      -1403      60.69     -928.2      167.1      -1020      -2627      -1821     -567.4     -915.9     -94.69     -70.01     -583.3        829       -446      -1429      -1396       -350      384.2      89.32     -658.7     -282.5     -170.8     -85.04      122.9     -747.7      352.9     -743.4     -645.3     -22.58     -585.5     -672.4      -1926       2500      77.45       1248      33.86     -216.9     -519.8     -711.4      -1177      122.6     -48.36        532     -43.54       13.1      -1169      -1509      835.9     -804.4      -1985      269.5     -626.8      -2048     -770.7      -9422     -590.3      -1021      119.5      -2223      -1331      -3109      -2376     -537.3     -951.1       -566     -476.8  -3.65e+04      -1530      -1402      -1590       -884     -413.4
      -2978      -1248     -463.6       1729      329.1      -2697      -1716     -60.21      -3218       2447     -960.1     -160.7      582.4       2053      -5039       1717      -3142     -212.8      -3978      -1001       2931       1150      -1583     -588.4     -96.11       2817      -7797       1781     -499.4      -2249      -5127      -9366      -9637       5410      -1951       2579      -4155       1628       1340      -4682      -4064      -2980     -571.4      -1865     -71.63      -1009      -1267       1557      -3605     -917.2      219.6      -1180      -6811      -5527 -1.384e+04 -1.246e+04      -8813      -6652     -308.2      -1621      -2944      645.7      -3218      -1595      -1431      -4237      -4663      -2126       1149       2356      -5704       3348       2043     -814.1       -694       2341       1185       1145        620      1.481 -1.031e+04      -1835 -1.041e+04      853.2 -1.313e+04      -2666 -1.458e+04 -1.552e+04      -9998      -6862      -2821      -8614      -7329      -2777      -6938      -2088      -3312      -1314      193.3      -1530 -2.007e+05      -6429 -6.178e+04      -6284  -1.22e+04
     -70.15      645.5      900.8      593.6       1187     -458.8     -4.109      305.6      440.7     -977.8      -1072       1328      521.6      89.78      -1587      -1098     -519.1     -755.4     -418.6      111.7     -220.1     -363.3     -549.9     -241.4      -1517      681.3       3469       1874      -3020       1733      -1039       -794       3298       1402       1633      290.6      321.9       -463      -1122      251.2       1239     -284.5       -615        379     -48.38       -341      -1366        986       -327     -134.2      111.7     -73.41     -271.3       2689        553      -2707      -2126     -750.5     -383.1      -1010     -31.18        278     -601.2      83.98     -662.5      158.2      759.4       2974     -302.8      -1417      628.9     -648.5      -2533      172.6      227.2     -782.4     -421.7     -220.9     -664.5      -1744      -1818     -373.7      -3767      268.4      -1697     -970.3      -2534      -1024     -415.8     -742.6      -1002      23.83      -2970      -1358      -1086     -393.5       -746     -149.4     -101.6      -1402      -6429 -4.109e+04     -808.9     -992.2     -934.7
     -757.7      715.8     -270.8       1428      -1238      -1926      -1144        241       1677       1622     -979.3      109.2      232.1       -629      177.2      -1512       1299       1289      -2376       1342       1546       1001      -3608       1994       5336        605       1852       2341       1850       2608      -2739       2484      -7348       3694       2148       1340      -2538      -1838       1478      -4138      -4723       1780     -84.32      392.5       -677       1053     -223.2      600.2     -862.7      -2146      472.1      -1436      -3873      -8960 -1.128e+04      -6260      -4166       2687       1607      408.3       1634       12.6       1957     -223.3      707.6       -655      -1518       2494       1258      -1217     -875.4      867.2      700.4     -865.1      122.4      663.5      782.8      286.3     -959.6      -1285      -9773        167      -6393     -244.5      -5319      -2103      -9684      -5762      -6637      -4991      -1553      -3699      -5676      -2240      -3746      -2511      -3046      -1169      264.8      -1590 -6.178e+04     -808.9 -1.619e+05 -1.476e+04 -2.319e+04
       1340      304.8      503.1      703.6      586.7       1881       2765       2107      411.6       1285      709.5       1611      494.8      353.2       1721     -135.5     -846.1      774.3       1187      238.7      59.86      301.8       2377     -875.2       4051     -121.6      557.7      -1273      -1697      -2334      -1807      -9992      -9946     -938.8     -640.5      -3025      27.68      -1882      -1184       2043      856.9       2412      859.2      481.5     -236.3        878     -238.5      416.7     -412.1      321.8        699     -16.35     -120.5       1417      -3020     -934.1        944      -1511     -774.8     -395.5      843.5     -10.91      88.79       -395      2.223       1047       1180       2549      -2343      601.6      503.4      -1822      -1141     -562.5      997.4      834.8      284.9      316.6      -1050      -2089      -2765      481.2      -1482      316.7      -2128      -2065      -2790      -1167      -3280      -4270     -338.8      -3255      -3036      -2191      -2080      -1278      47.41     -514.1      987.1       -884      -6284     -992.2 -1.476e+04 -6.845e+04      -2064
      829.7       1216      418.9     -88.79      264.2       3059      729.2     -248.2       4216      891.6      883.8        846       1056        115       2482       1938       1796       2622       1605       1462       2027       -455      504.1       1224     -971.1      -1691     -956.2       2336      -1787      411.6      -2476      -5354       2232      -5098      5.097     -465.7      -2532      584.4      -1585       1942      79.08       1248       1021       -858      405.9      495.7        788      383.8      922.3        147        383     -410.2       1897       3414       2424       2944     -424.9      633.9      541.4       1226       1299      692.8      403.9     -899.9     -282.8      723.5       2005       3234      934.8      931.7       2386       1369       1056       -354      711.8      411.7     -62.94      808.9      431.4     -239.4      711.1     -601.7      358.1      122.4       1035      -1023      -1249     -764.5      770.5        967      -1988     -622.8      -1832      -2366      -2947      -1399      -2080     -139.3      353.1     -413.4  -1.22e+04     -934.7 -2.319e+04      -2064  -6.35e+04
